Product,Price,Date
Book1,A Light in the Attic,51.77,2026-04-26 17:18:14,https://books.toscrape.com/catalogue/a-light-in-the-attic_1000/index.html
Book2,Tipping the Velvet,53.74,2026-04-26 17:18:16,https://books.toscrape.com/catalogue/tipping-the-velvet_999/index.html
Book1,A Light in the Attic,51.77,2026-04-26 17:30:05,https://books.toscrape.com/catalogue/a-light-in-the-attic_1000/index.html
Book2,Tipping the Velvet,53.74,2026-04-26 17:30:06,https://books.toscrape.com/catalogue/tipping-the-velvet_999/index.html
Book1,A Light in the Attic,51.77,2026-04-26 17:31:08,https://books.toscrape.com/catalogue/a-light-in-the-attic_1000/index.html
Book2,Tipping the Velvet,53.74,2026-04-26 17:31:09,https://books.toscrape.com/catalogue/tipping-the-velvet_999/index.html
Book1,A Light in the Attic,51.77,2026-06-01 10:42:35,https://books.toscrape.com/catalogue/a-light-in-the-attic_1000/index.html
Book2,Tipping the Velvet,53.74,2026-06-01 10:42:35,https://books.toscrape.com/catalogue/tipping-the-velvet_999/index.html
Book1,A Light in the Attic,51.77,2026-06-01 17:23:27,https://books.toscrape.com/catalogue/a-light-in-the-attic_1000/index.html
Book2,Tipping the Velvet,53.74,2026-06-01 17:23:27,https://books.toscrape.com/catalogue/tipping-the-velvet_999/index.html
Book1,A Light in the Attic,51.77,2026-06-01 21:23:52,https://books.toscrape.com/catalogue/a-light-in-the-attic_1000/index.html
Book2,Tipping the Velvet,53.74,2026-06-01 21:23:52,https://books.toscrape.com/catalogue/tipping-the-velvet_999/index.html
Book1,A Light in the Attic,51.77,2026-06-02 02:51:42,https://books.toscrape.com/catalogue/a-light-in-the-attic_1000/index.html
Book2,Tipping the Velvet,53.74,2026-06-02 02:51:42,https://books.toscrape.com/catalogue/tipping-the-velvet_999/index.html
Book1,A Light in the Attic,51.77,2026-06-02 10:10:42,https://books.toscrape.com/catalogue/a-light-in-the-attic_1000/index.html
Book2,Tipping the Velvet,53.74,2026-06-02 10:10:42,https://books.toscrape.com/catalogue/tipping-the-velvet_999/index.html
Book1,A Light in the Attic,51.77,2026-06-02 16:08:02,https://books.toscrape.com/catalogue/a-light-in-the-attic_1000/index.html
Book2,Tipping the Velvet,53.74,2026-06-02 16:08:02,https://books.toscrape.com/catalogue/tipping-the-velvet_999/index.html
Book1,A Light in the Attic,51.77,2026-06-02 20:38:05,https://books.toscrape.com/catalogue/a-light-in-the-attic_1000/index.html
Book2,Tipping the Velvet,53.74,2026-06-02 20:38:05,https://books.toscrape.com/catalogue/tipping-the-velvet_999/index.html
Book1,A Light in the Attic,51.77,2026-06-03 03:26:34,https://books.toscrape.com/catalogue/a-light-in-the-attic_1000/index.html
Book2,Tipping the Velvet,53.74,2026-06-03 03:26:34,https://books.toscrape.com/catalogue/tipping-the-velvet_999/index.html
Book1,A Light in the Attic,51.77,2026-06-03 10:47:25,https://books.toscrape.com/catalogue/a-light-in-the-attic_1000/index.html
Book2,Tipping the Velvet,53.74,2026-06-03 10:47:25,https://books.toscrape.com/catalogue/tipping-the-velvet_999/index.html
Book1,A Light in the Attic,51.77,2026-06-03 16:23:01,https://books.toscrape.com/catalogue/a-light-in-the-attic_1000/index.html
Book2,Tipping the Velvet,53.74,2026-06-03 16:23:02,https://books.toscrape.com/catalogue/tipping-the-velvet_999/index.html
Book1,A Light in the Attic,51.77,2026-06-03 20:49:25,https://books.toscrape.com/catalogue/a-light-in-the-attic_1000/index.html
Book2,Tipping the Velvet,53.74,2026-06-03 20:49:26,https://books.toscrape.com/catalogue/tipping-the-velvet_999/index.html
Book1,A Light in the Attic,51.77,2026-06-04 02:56:02,https://books.toscrape.com/catalogue/a-light-in-the-attic_1000/index.html
Book2,Tipping the Velvet,53.74,2026-06-04 02:56:02,https://books.toscrape.com/catalogue/tipping-the-velvet_999/index.html
Book1,A Light in the Attic,51.77,2026-06-04 09:46:26,https://books.toscrape.com/catalogue/a-light-in-the-attic_1000/index.html
Book2,Tipping the Velvet,53.74,2026-06-04 09:46:27,https://books.toscrape.com/catalogue/tipping-the-velvet_999/index.html
Book1,A Light in the Attic,51.77,2026-06-04 14:42:24,https://books.toscrape.com/catalogue/a-light-in-the-attic_1000/index.html
Book2,Tipping the Velvet,53.74,2026-06-04 14:42:24,https://books.toscrape.com/catalogue/tipping-the-velvet_999/index.html
Book1,A Light in the Attic,51.77,2026-06-04 19:56:44,https://books.toscrape.com/catalogue/a-light-in-the-attic_1000/index.html
Book2,Tipping the Velvet,53.74,2026-06-04 19:56:45,https://books.toscrape.com/catalogue/tipping-the-velvet_999/index.html
Book1,A Light in the Attic,51.77,2026-06-05 02:43:34,https://books.toscrape.com/catalogue/a-light-in-the-attic_1000/index.html
Book2,Tipping the Velvet,53.74,2026-06-05 02:43:34,https://books.toscrape.com/catalogue/tipping-the-velvet_999/index.html
Book1,A Light in the Attic,51.77,2026-06-05 09:35:39,https://books.toscrape.com/catalogue/a-light-in-the-attic_1000/index.html
Book2,Tipping the Velvet,53.74,2026-06-05 09:35:39,https://books.toscrape.com/catalogue/tipping-the-velvet_999/index.html
Book1,A Light in the Attic,51.77,2026-06-05 14:31:30,https://books.toscrape.com/catalogue/a-light-in-the-attic_1000/index.html
Book2,Tipping the Velvet,53.74,2026-06-05 14:31:31,https://books.toscrape.com/catalogue/tipping-the-velvet_999/index.html
Book1,A Light in the Attic,51.77,2026-06-05 19:44:44,https://books.toscrape.com/catalogue/a-light-in-the-attic_1000/index.html
Book2,Tipping the Velvet,53.74,2026-06-05 19:44:44,https://books.toscrape.com/catalogue/tipping-the-velvet_999/index.html
Book1,A Light in the Attic,51.77,2026-06-06 02:31:17,https://books.toscrape.com/catalogue/a-light-in-the-attic_1000/index.html
Book2,Tipping the Velvet,53.74,2026-06-06 02:31:18,https://books.toscrape.com/catalogue/tipping-the-velvet_999/index.html
Book1,A Light in the Attic,51.77,2026-06-06 08:26:29,https://books.toscrape.com/catalogue/a-light-in-the-attic_1000/index.html
Book2,Tipping the Velvet,53.74,2026-06-06 08:26:29,https://books.toscrape.com/catalogue/tipping-the-velvet_999/index.html
Book1,A Light in the Attic,51.77,2026-06-06 13:15:22,https://books.toscrape.com/catalogue/a-light-in-the-attic_1000/index.html
Book2,Tipping the Velvet,53.74,2026-06-06 13:15:23,https://books.toscrape.com/catalogue/tipping-the-velvet_999/index.html
Book1,A Light in the Attic,51.77,2026-06-06 19:09:26,https://books.toscrape.com/catalogue/a-light-in-the-attic_1000/index.html
Book2,Tipping the Velvet,53.74,2026-06-06 19:09:26,https://books.toscrape.com/catalogue/tipping-the-velvet_999/index.html
Book1,A Light in the Attic,51.77,2026-06-07 02:50:03,https://books.toscrape.com/catalogue/a-light-in-the-attic_1000/index.html
Book2,Tipping the Velvet,53.74,2026-06-07 02:50:03,https://books.toscrape.com/catalogue/tipping-the-velvet_999/index.html
Book1,A Light in the Attic,51.77,2026-06-07 08:47:40,https://books.toscrape.com/catalogue/a-light-in-the-attic_1000/index.html
Book2,Tipping the Velvet,53.74,2026-06-07 08:47:41,https://books.toscrape.com/catalogue/tipping-the-velvet_999/index.html
Book1,A Light in the Attic,51.77,2026-06-07 13:26:36,https://books.toscrape.com/catalogue/a-light-in-the-attic_1000/index.html
Book2,Tipping the Velvet,53.74,2026-06-07 13:26:37,https://books.toscrape.com/catalogue/tipping-the-velvet_999/index.html
Book1,A Light in the Attic,51.77,2026-06-07 19:10:20,https://books.toscrape.com/catalogue/a-light-in-the-attic_1000/index.html
Book2,Tipping the Velvet,53.74,2026-06-07 19:10:21,https://books.toscrape.com/catalogue/tipping-the-velvet_999/index.html
Book1,A Light in the Attic,51.77,2026-06-08 02:52:44,https://books.toscrape.com/catalogue/a-light-in-the-attic_1000/index.html
Book2,Tipping the Velvet,53.74,2026-06-08 02:52:44,https://books.toscrape.com/catalogue/tipping-the-velvet_999/index.html
Book1,A Light in the Attic,51.77,2026-06-08 10:22:57,https://books.toscrape.com/catalogue/a-light-in-the-attic_1000/index.html
Book2,Tipping the Velvet,53.74,2026-06-08 10:22:58,https://books.toscrape.com/catalogue/tipping-the-velvet_999/index.html
Book1,A Light in the Attic,51.77,2026-06-08 15:35:19,https://books.toscrape.com/catalogue/a-light-in-the-attic_1000/index.html
Book2,Tipping the Velvet,53.74,2026-06-08 15:35:20,https://books.toscrape.com/catalogue/tipping-the-velvet_999/index.html
Book1,A Light in the Attic,51.77,2026-06-08 20:05:24,https://books.toscrape.com/catalogue/a-light-in-the-attic_1000/index.html
Book2,Tipping the Velvet,53.74,2026-06-08 20:05:24,https://books.toscrape.com/catalogue/tipping-the-velvet_999/index.html
Book1,A Light in the Attic,51.77,2026-06-09 02:30:05,https://books.toscrape.com/catalogue/a-light-in-the-attic_1000/index.html
Book2,Tipping the Velvet,53.74,2026-06-09 02:30:06,https://books.toscrape.com/catalogue/tipping-the-velvet_999/index.html
Book1,A Light in the Attic,51.77,2026-06-09 09:28:57,https://books.toscrape.com/catalogue/a-light-in-the-attic_1000/index.html
Book2,Tipping the Velvet,53.74,2026-06-09 09:28:57,https://books.toscrape.com/catalogue/tipping-the-velvet_999/index.html
Book1,A Light in the Attic,51.77,2026-06-09 14:33:02,https://books.toscrape.com/catalogue/a-light-in-the-attic_1000/index.html
Book2,Tipping the Velvet,53.74,2026-06-09 14:33:02,https://books.toscrape.com/catalogue/tipping-the-velvet_999/index.html
Book1,A Light in the Attic,51.77,2026-06-09 19:59:15,https://books.toscrape.com/catalogue/a-light-in-the-attic_1000/index.html
Book2,Tipping the Velvet,53.74,2026-06-09 19:59:15,https://books.toscrape.com/catalogue/tipping-the-velvet_999/index.html
Book1,A Light in the Attic,51.77,2026-06-10 02:43:52,https://books.toscrape.com/catalogue/a-light-in-the-attic_1000/index.html
Book2,Tipping the Velvet,53.74,2026-06-10 02:43:52,https://books.toscrape.com/catalogue/tipping-the-velvet_999/index.html
Book1,A Light in the Attic,51.77,2026-06-10 09:43:37,https://books.toscrape.com/catalogue/a-light-in-the-attic_1000/index.html
Book2,Tipping the Velvet,53.74,2026-06-10 09:43:37,https://books.toscrape.com/catalogue/tipping-the-velvet_999/index.html
Book1,A Light in the Attic,51.77,2026-06-10 14:59:31,https://books.toscrape.com/catalogue/a-light-in-the-attic_1000/index.html
Book2,Tipping the Velvet,53.74,2026-06-10 14:59:31,https://books.toscrape.com/catalogue/tipping-the-velvet_999/index.html
Book1,A Light in the Attic,51.77,2026-06-10 20:18:25,https://books.toscrape.com/catalogue/a-light-in-the-attic_1000/index.html
Book2,Tipping the Velvet,53.74,2026-06-10 20:18:25,https://books.toscrape.com/catalogue/tipping-the-velvet_999/index.html
Book1,A Light in the Attic,51.77,2026-06-11 02:53:09,https://books.toscrape.com/catalogue/a-light-in-the-attic_1000/index.html
Book2,Tipping the Velvet,53.74,2026-06-11 02:53:09,https://books.toscrape.com/catalogue/tipping-the-velvet_999/index.html
Book1,A Light in the Attic,51.77,2026-06-11 10:11:51,https://books.toscrape.com/catalogue/a-light-in-the-attic_1000/index.html
Book2,Tipping the Velvet,53.74,2026-06-11 10:11:52,https://books.toscrape.com/catalogue/tipping-the-velvet_999/index.html
Book1,A Light in the Attic,51.77,2026-06-11 15:41:21,https://books.toscrape.com/catalogue/a-light-in-the-attic_1000/index.html
Book2,Tipping the Velvet,53.74,2026-06-11 15:41:21,https://books.toscrape.com/catalogue/tipping-the-velvet_999/index.html
Book1,A Light in the Attic,51.77,2026-06-11 20:12:46,https://books.toscrape.com/catalogue/a-light-in-the-attic_1000/index.html
Book2,Tipping the Velvet,53.74,2026-06-11 20:12:46,https://books.toscrape.com/catalogue/tipping-the-velvet_999/index.html
Book1,A Light in the Attic,51.77,2026-06-12 02:50:10,https://books.toscrape.com/catalogue/a-light-in-the-attic_1000/index.html
Book2,Tipping the Velvet,53.74,2026-06-12 02:50:11,https://books.toscrape.com/catalogue/tipping-the-velvet_999/index.html
Book1,A Light in the Attic,51.77,2026-06-12 10:00:05,https://books.toscrape.com/catalogue/a-light-in-the-attic_1000/index.html
Book2,Tipping the Velvet,53.74,2026-06-12 10:00:05,https://books.toscrape.com/catalogue/tipping-the-velvet_999/index.html
Book1,A Light in the Attic,51.77,2026-06-12 14:41:46,https://books.toscrape.com/catalogue/a-light-in-the-attic_1000/index.html
Book2,Tipping the Velvet,53.74,2026-06-12 14:41:46,https://books.toscrape.com/catalogue/tipping-the-velvet_999/index.html
Book1,A Light in the Attic,51.77,2026-06-12 19:58:57,https://books.toscrape.com/catalogue/a-light-in-the-attic_1000/index.html
Book2,Tipping the Velvet,53.74,2026-06-12 19:58:57,https://books.toscrape.com/catalogue/tipping-the-velvet_999/index.html
Book1,A Light in the Attic,51.77,2026-06-13 02:42:40,https://books.toscrape.com/catalogue/a-light-in-the-attic_1000/index.html
Book2,Tipping the Velvet,53.74,2026-06-13 02:42:40,https://books.toscrape.com/catalogue/tipping-the-velvet_999/index.html
Book1,A Light in the Attic,51.77,2026-06-13 08:49:36,https://books.toscrape.com/catalogue/a-light-in-the-attic_1000/index.html
Book2,Tipping the Velvet,53.74,2026-06-13 08:49:36,https://books.toscrape.com/catalogue/tipping-the-velvet_999/index.html
Book1,A Light in the Attic,51.77,2026-06-13 13:43:41,https://books.toscrape.com/catalogue/a-light-in-the-attic_1000/index.html
Book2,Tipping the Velvet,53.74,2026-06-13 13:43:41,https://books.toscrape.com/catalogue/tipping-the-velvet_999/index.html
Book1,A Light in the Attic,51.77,2026-06-13 19:13:50,https://books.toscrape.com/catalogue/a-light-in-the-attic_1000/index.html
Book2,Tipping the Velvet,53.74,2026-06-13 19:13:51,https://books.toscrape.com/catalogue/tipping-the-velvet_999/index.html
Book1,A Light in the Attic,51.77,2026-06-14 02:54:07,https://books.toscrape.com/catalogue/a-light-in-the-attic_1000/index.html
Book2,Tipping the Velvet,53.74,2026-06-14 02:54:08,https://books.toscrape.com/catalogue/tipping-the-velvet_999/index.html
Book1,A Light in the Attic,51.77,2026-06-14 09:22:21,https://books.toscrape.com/catalogue/a-light-in-the-attic_1000/index.html
Book2,Tipping the Velvet,53.74,2026-06-14 09:22:21,https://books.toscrape.com/catalogue/tipping-the-velvet_999/index.html
Book1,A Light in the Attic,51.77,2026-06-14 13:46:15,https://books.toscrape.com/catalogue/a-light-in-the-attic_1000/index.html
Book2,Tipping the Velvet,53.74,2026-06-14 13:46:15,https://books.toscrape.com/catalogue/tipping-the-velvet_999/index.html
Book1,A Light in the Attic,51.77,2026-06-14 19:14:27,https://books.toscrape.com/catalogue/a-light-in-the-attic_1000/index.html
Book2,Tipping the Velvet,53.74,2026-06-14 19:14:28,https://books.toscrape.com/catalogue/tipping-the-velvet_999/index.html
Book1,A Light in the Attic,51.77,2026-06-15 02:59:08,https://books.toscrape.com/catalogue/a-light-in-the-attic_1000/index.html
Book2,Tipping the Velvet,53.74,2026-06-15 02:59:08,https://books.toscrape.com/catalogue/tipping-the-velvet_999/index.html
Book1,A Light in the Attic,51.77,2026-06-15 11:50:38,https://books.toscrape.com/catalogue/a-light-in-the-attic_1000/index.html
Book2,Tipping the Velvet,53.74,2026-06-15 11:50:38,https://books.toscrape.com/catalogue/tipping-the-velvet_999/index.html
Book1,A Light in the Attic,51.77,2026-06-15 17:04:05,https://books.toscrape.com/catalogue/a-light-in-the-attic_1000/index.html
Book2,Tipping the Velvet,53.74,2026-06-15 17:04:05,https://books.toscrape.com/catalogue/tipping-the-velvet_999/index.html
Book1,A Light in the Attic,51.77,2026-06-15 20:48:40,https://books.toscrape.com/catalogue/a-light-in-the-attic_1000/index.html
Book2,Tipping the Velvet,53.74,2026-06-15 20:48:40,https://books.toscrape.com/catalogue/tipping-the-velvet_999/index.html
Book1,A Light in the Attic,51.77,2026-06-16 02:59:44,https://books.toscrape.com/catalogue/a-light-in-the-attic_1000/index.html
Book2,Tipping the Velvet,53.74,2026-06-16 02:59:45,https://books.toscrape.com/catalogue/tipping-the-velvet_999/index.html
Book1,A Light in the Attic,51.77,2026-06-16 10:58:24,https://books.toscrape.com/catalogue/a-light-in-the-attic_1000/index.html
Book2,Tipping the Velvet,53.74,2026-06-16 10:58:24,https://books.toscrape.com/catalogue/tipping-the-velvet_999/index.html
Book1,A Light in the Attic,51.77,2026-06-16 16:28:48,https://books.toscrape.com/catalogue/a-light-in-the-attic_1000/index.html
Book2,Tipping the Velvet,53.74,2026-06-16 16:28:48,https://books.toscrape.com/catalogue/tipping-the-velvet_999/index.html
Book1,A Light in the Attic,51.77,2026-06-16 20:42:10,https://books.toscrape.com/catalogue/a-light-in-the-attic_1000/index.html
Book2,Tipping the Velvet,53.74,2026-06-16 20:42:10,https://books.toscrape.com/catalogue/tipping-the-velvet_999/index.html
Book1,A Light in the Attic,51.77,2026-06-17 02:56:39,https://books.toscrape.com/catalogue/a-light-in-the-attic_1000/index.html
Book2,Tipping the Velvet,53.74,2026-06-17 02:56:39,https://books.toscrape.com/catalogue/tipping-the-velvet_999/index.html
Book1,A Light in the Attic,51.77,2026-06-17 10:29:46,https://books.toscrape.com/catalogue/a-light-in-the-attic_1000/index.html
Book2,Tipping the Velvet,53.74,2026-06-17 10:29:47,https://books.toscrape.com/catalogue/tipping-the-velvet_999/index.html
Book1,A Light in the Attic,51.77,2026-06-17 14:57:36,https://books.toscrape.com/catalogue/a-light-in-the-attic_1000/index.html
Book2,Tipping the Velvet,53.74,2026-06-17 14:57:36,https://books.toscrape.com/catalogue/tipping-the-velvet_999/index.html
Book1,A Light in the Attic,51.77,2026-06-17 20:04:06,https://books.toscrape.com/catalogue/a-light-in-the-attic_1000/index.html
Book2,Tipping the Velvet,53.74,2026-06-17 20:04:06,https://books.toscrape.com/catalogue/tipping-the-velvet_999/index.html
Book1,A Light in the Attic,51.77,2026-06-18 02:51:41,https://books.toscrape.com/catalogue/a-light-in-the-attic_1000/index.html
Book2,Tipping the Velvet,53.74,2026-06-18 02:51:41,https://books.toscrape.com/catalogue/tipping-the-velvet_999/index.html
Book1,A Light in the Attic,51.77,2026-06-18 10:10:36,https://books.toscrape.com/catalogue/a-light-in-the-attic_1000/index.html
Book2,Tipping the Velvet,53.74,2026-06-18 10:10:37,https://books.toscrape.com/catalogue/tipping-the-velvet_999/index.html
Book1,A Light in the Attic,51.77,2026-06-18 14:52:25,https://books.toscrape.com/catalogue/a-light-in-the-attic_1000/index.html
Book2,Tipping the Velvet,53.74,2026-06-18 14:52:25,https://books.toscrape.com/catalogue/tipping-the-velvet_999/index.html
Book1,A Light in the Attic,51.77,2026-06-18 20:14:49,https://books.toscrape.com/catalogue/a-light-in-the-attic_1000/index.html
Book2,Tipping the Velvet,53.74,2026-06-18 20:14:50,https://books.toscrape.com/catalogue/tipping-the-velvet_999/index.html
Book1,A Light in the Attic,51.77,2026-06-19 03:37:22,https://books.toscrape.com/catalogue/a-light-in-the-attic_1000/index.html
Book2,Tipping the Velvet,53.74,2026-06-19 03:37:23,https://books.toscrape.com/catalogue/tipping-the-velvet_999/index.html
Book1,A Light in the Attic,51.77,2026-06-19 10:16:08,https://books.toscrape.com/catalogue/a-light-in-the-attic_1000/index.html
Book2,Tipping the Velvet,53.74,2026-06-19 10:16:09,https://books.toscrape.com/catalogue/tipping-the-velvet_999/index.html
Book1,A Light in the Attic,51.77,2026-06-19 14:48:05,https://books.toscrape.com/catalogue/a-light-in-the-attic_1000/index.html
Book2,Tipping the Velvet,53.74,2026-06-19 14:48:05,https://books.toscrape.com/catalogue/tipping-the-velvet_999/index.html
Book1,A Light in the Attic,51.77,2026-06-19 19:29:35,https://books.toscrape.com/catalogue/a-light-in-the-attic_1000/index.html
Book2,Tipping the Velvet,53.74,2026-06-19 19:29:35,https://books.toscrape.com/catalogue/tipping-the-velvet_999/index.html
Book1,A Light in the Attic,51.77,2026-06-20 02:41:16,https://books.toscrape.com/catalogue/a-light-in-the-attic_1000/index.html
Book2,Tipping the Velvet,53.74,2026-06-20 02:41:16,https://books.toscrape.com/catalogue/tipping-the-velvet_999/index.html
Book1,A Light in the Attic,51.77,2026-06-20 08:44:34,https://books.toscrape.com/catalogue/a-light-in-the-attic_1000/index.html
Book2,Tipping the Velvet,53.74,2026-06-20 08:44:34,https://books.toscrape.com/catalogue/tipping-the-velvet_999/index.html
Book1,A Light in the Attic,51.77,2026-06-20 13:45:11,https://books.toscrape.com/catalogue/a-light-in-the-attic_1000/index.html
Book2,Tipping the Velvet,53.74,2026-06-20 13:45:11,https://books.toscrape.com/catalogue/tipping-the-velvet_999/index.html
Book1,A Light in the Attic,51.77,2026-06-20 19:14:03,https://books.toscrape.com/catalogue/a-light-in-the-attic_1000/index.html
Book2,Tipping the Velvet,53.74,2026-06-20 19:14:06,https://books.toscrape.com/catalogue/tipping-the-velvet_999/index.html
Book1,A Light in the Attic,51.77,2026-06-21 02:57:38,https://books.toscrape.com/catalogue/a-light-in-the-attic_1000/index.html
Book2,Tipping the Velvet,53.74,2026-06-21 02:57:38,https://books.toscrape.com/catalogue/tipping-the-velvet_999/index.html
Book1,A Light in the Attic,51.77,2026-06-21 09:40:11,https://books.toscrape.com/catalogue/a-light-in-the-attic_1000/index.html
Book2,Tipping the Velvet,53.74,2026-06-21 09:40:11,https://books.toscrape.com/catalogue/tipping-the-velvet_999/index.html
Book1,A Light in the Attic,51.77,2026-06-21 13:52:41,https://books.toscrape.com/catalogue/a-light-in-the-attic_1000/index.html
Book2,Tipping the Velvet,53.74,2026-06-21 13:52:41,https://books.toscrape.com/catalogue/tipping-the-velvet_999/index.html
Book1,A Light in the Attic,51.77,2026-06-21 19:19:49,https://books.toscrape.com/catalogue/a-light-in-the-attic_1000/index.html
Book2,Tipping the Velvet,53.74,2026-06-21 19:19:50,https://books.toscrape.com/catalogue/tipping-the-velvet_999/index.html
Book1,A Light in the Attic,51.77,2026-06-22 03:00:04,https://books.toscrape.com/catalogue/a-light-in-the-attic_1000/index.html
Book2,Tipping the Velvet,53.74,2026-06-22 03:00:04,https://books.toscrape.com/catalogue/tipping-the-velvet_999/index.html
Book1,A Light in the Attic,51.77,2026-06-22 11:39:57,https://books.toscrape.com/catalogue/a-light-in-the-attic_1000/index.html
Book2,Tipping the Velvet,53.74,2026-06-22 11:39:58,https://books.toscrape.com/catalogue/tipping-the-velvet_999/index.html
Book1,A Light in the Attic,51.77,2026-06-22 16:42:06,https://books.toscrape.com/catalogue/a-light-in-the-attic_1000/index.html
Book2,Tipping the Velvet,53.74,2026-06-22 16:42:07,https://books.toscrape.com/catalogue/tipping-the-velvet_999/index.html
Book1,A Light in the Attic,51.77,2026-06-22 20:36:28,https://books.toscrape.com/catalogue/a-light-in-the-attic_1000/index.html
Book2,Tipping the Velvet,53.74,2026-06-22 20:36:28,https://books.toscrape.com/catalogue/tipping-the-velvet_999/index.html
Book1,A Light in the Attic,51.77,2026-06-23 02:35:24,https://books.toscrape.com/catalogue/a-light-in-the-attic_1000/index.html
Book2,Tipping the Velvet,53.74,2026-06-23 02:35:24,https://books.toscrape.com/catalogue/tipping-the-velvet_999/index.html
Book1,A Light in the Attic,51.77,2026-06-23 09:26:10,https://books.toscrape.com/catalogue/a-light-in-the-attic_1000/index.html
Book2,Tipping the Velvet,53.74,2026-06-23 09:26:10,https://books.toscrape.com/catalogue/tipping-the-velvet_999/index.html
Book1,A Light in the Attic,51.77,2026-06-23 14:33:23,https://books.toscrape.com/catalogue/a-light-in-the-attic_1000/index.html
Book2,Tipping the Velvet,53.74,2026-06-23 14:33:23,https://books.toscrape.com/catalogue/tipping-the-velvet_999/index.html
Book1,A Light in the Attic,51.77,2026-06-23 19:52:21,https://books.toscrape.com/catalogue/a-light-in-the-attic_1000/index.html
Book2,Tipping the Velvet,53.74,2026-06-23 19:52:22,https://books.toscrape.com/catalogue/tipping-the-velvet_999/index.html
Book1,A Light in the Attic,51.77,2026-06-24 02:36:03,https://books.toscrape.com/catalogue/a-light-in-the-attic_1000/index.html
Book2,Tipping the Velvet,53.74,2026-06-24 02:36:03,https://books.toscrape.com/catalogue/tipping-the-velvet_999/index.html
Book1,A Light in the Attic,51.77,2026-06-24 08:56:12,https://books.toscrape.com/catalogue/a-light-in-the-attic_1000/index.html
Book2,Tipping the Velvet,53.74,2026-06-24 08:56:12,https://books.toscrape.com/catalogue/tipping-the-velvet_999/index.html
Book1,A Light in the Attic,51.77,2026-06-24 14:11:55,https://books.toscrape.com/catalogue/a-light-in-the-attic_1000/index.html
Book2,Tipping the Velvet,53.74,2026-06-24 14:11:55,https://books.toscrape.com/catalogue/tipping-the-velvet_999/index.html
Book1,A Light in the Attic,51.77,2026-06-24 19:28:25,https://books.toscrape.com/catalogue/a-light-in-the-attic_1000/index.html
Book2,Tipping the Velvet,53.74,2026-06-24 19:28:25,https://books.toscrape.com/catalogue/tipping-the-velvet_999/index.html
Book1,A Light in the Attic,51.77,2026-06-25 02:37:15,https://books.toscrape.com/catalogue/a-light-in-the-attic_1000/index.html
Book2,Tipping the Velvet,53.74,2026-06-25 02:37:15,https://books.toscrape.com/catalogue/tipping-the-velvet_999/index.html
Book1,A Light in the Attic,51.77,2026-06-25 08:51:02,https://books.toscrape.com/catalogue/a-light-in-the-attic_1000/index.html
Book2,Tipping the Velvet,53.74,2026-06-25 08:51:02,https://books.toscrape.com/catalogue/tipping-the-velvet_999/index.html
Book1,A Light in the Attic,51.77,2026-06-25 14:09:22,https://books.toscrape.com/catalogue/a-light-in-the-attic_1000/index.html
Book2,Tipping the Velvet,53.74,2026-06-25 14:09:22,https://books.toscrape.com/catalogue/tipping-the-velvet_999/index.html
Book1,A Light in the Attic,51.77,2026-06-25 19:48:35,https://books.toscrape.com/catalogue/a-light-in-the-attic_1000/index.html
Book2,Tipping the Velvet,53.74,2026-06-25 19:48:35,https://books.toscrape.com/catalogue/tipping-the-velvet_999/index.html
Book1,A Light in the Attic,51.77,2026-06-26 02:40:05,https://books.toscrape.com/catalogue/a-light-in-the-attic_1000/index.html
Book2,Tipping the Velvet,53.74,2026-06-26 02:40:05,https://books.toscrape.com/catalogue/tipping-the-velvet_999/index.html
Book1,A Light in the Attic,51.77,2026-06-26 08:53:06,https://books.toscrape.com/catalogue/a-light-in-the-attic_1000/index.html
Book2,Tipping the Velvet,53.74,2026-06-26 08:53:07,https://books.toscrape.com/catalogue/tipping-the-velvet_999/index.html
Book1,A Light in the Attic,51.77,2026-06-26 14:08:48,https://books.toscrape.com/catalogue/a-light-in-the-attic_1000/index.html
Book2,Tipping the Velvet,53.74,2026-06-26 14:08:48,https://books.toscrape.com/catalogue/tipping-the-velvet_999/index.html
Book1,A Light in the Attic,51.77,2026-06-26 19:30:07,https://books.toscrape.com/catalogue/a-light-in-the-attic_1000/index.html
Book2,Tipping the Velvet,53.74,2026-06-26 19:30:08,https://books.toscrape.com/catalogue/tipping-the-velvet_999/index.html
Book1,A Light in the Attic,51.77,2026-06-27 02:32:48,https://books.toscrape.com/catalogue/a-light-in-the-attic_1000/index.html
Book2,Tipping the Velvet,53.74,2026-06-27 02:32:48,https://books.toscrape.com/catalogue/tipping-the-velvet_999/index.html
Book1,A Light in the Attic,51.77,2026-06-27 08:28:34,https://books.toscrape.com/catalogue/a-light-in-the-attic_1000/index.html
Book2,Tipping the Velvet,53.74,2026-06-27 08:28:34,https://books.toscrape.com/catalogue/tipping-the-velvet_999/index.html
Book1,A Light in the Attic,51.77,2026-06-27 13:17:12,https://books.toscrape.com/catalogue/a-light-in-the-attic_1000/index.html
Book2,Tipping the Velvet,53.74,2026-06-27 13:17:13,https://books.toscrape.com/catalogue/tipping-the-velvet_999/index.html
Book1,A Light in the Attic,51.77,2026-06-27 19:07:37,https://books.toscrape.com/catalogue/a-light-in-the-attic_1000/index.html
Book2,Tipping the Velvet,53.74,2026-06-27 19:07:38,https://books.toscrape.com/catalogue/tipping-the-velvet_999/index.html
Book1,A Light in the Attic,51.77,2026-06-28 02:45:31,https://books.toscrape.com/catalogue/a-light-in-the-attic_1000/index.html
Book2,Tipping the Velvet,53.74,2026-06-28 02:45:31,https://books.toscrape.com/catalogue/tipping-the-velvet_999/index.html
Book1,A Light in the Attic,51.77,2026-06-28 08:43:26,https://books.toscrape.com/catalogue/a-light-in-the-attic_1000/index.html
Book2,Tipping the Velvet,53.74,2026-06-28 08:43:26,https://books.toscrape.com/catalogue/tipping-the-velvet_999/index.html
Book1,A Light in the Attic,51.77,2026-06-28 13:21:47,https://books.toscrape.com/catalogue/a-light-in-the-attic_1000/index.html
Book2,Tipping the Velvet,53.74,2026-06-28 13:21:47,https://books.toscrape.com/catalogue/tipping-the-velvet_999/index.html
Book1,A Light in the Attic,51.77,2026-06-28 19:06:59,https://books.toscrape.com/catalogue/a-light-in-the-attic_1000/index.html
Book2,Tipping the Velvet,53.74,2026-06-28 19:06:59,https://books.toscrape.com/catalogue/tipping-the-velvet_999/index.html
Book1,A Light in the Attic,51.77,2026-06-29 02:46:12,https://books.toscrape.com/catalogue/a-light-in-the-attic_1000/index.html
Book2,Tipping the Velvet,53.74,2026-06-29 02:46:13,https://books.toscrape.com/catalogue/tipping-the-velvet_999/index.html
Book1,A Light in the Attic,51.77,2026-06-29 10:28:21,https://books.toscrape.com/catalogue/a-light-in-the-attic_1000/index.html
Book2,Tipping the Velvet,53.74,2026-06-29 10:28:21,https://books.toscrape.com/catalogue/tipping-the-velvet_999/index.html
Book1,A Light in the Attic,51.77,2026-06-29 15:34:22,https://books.toscrape.com/catalogue/a-light-in-the-attic_1000/index.html
Book2,Tipping the Velvet,53.74,2026-06-29 15:34:23,https://books.toscrape.com/catalogue/tipping-the-velvet_999/index.html
Book1,A Light in the Attic,51.77,2026-06-29 19:46:59,https://books.toscrape.com/catalogue/a-light-in-the-attic_1000/index.html
Book2,Tipping the Velvet,53.74,2026-06-29 19:46:59,https://books.toscrape.com/catalogue/tipping-the-velvet_999/index.html
Book1,A Light in the Attic,51.77,2026-06-30 02:40:13,https://books.toscrape.com/catalogue/a-light-in-the-attic_1000/index.html
Book2,Tipping the Velvet,53.74,2026-06-30 02:40:14,https://books.toscrape.com/catalogue/tipping-the-velvet_999/index.html
Book1,A Light in the Attic,51.77,2026-06-30 08:59:49,https://books.toscrape.com/catalogue/a-light-in-the-attic_1000/index.html
Book2,Tipping the Velvet,53.74,2026-06-30 08:59:49,https://books.toscrape.com/catalogue/tipping-the-velvet_999/index.html
Book1,A Light in the Attic,51.77,2026-06-30 14:02:41,https://books.toscrape.com/catalogue/a-light-in-the-attic_1000/index.html
Book2,Tipping the Velvet,53.74,2026-06-30 14:02:41,https://books.toscrape.com/catalogue/tipping-the-velvet_999/index.html
Book1,A Light in the Attic,51.77,2026-06-30 19:45:44,https://books.toscrape.com/catalogue/a-light-in-the-attic_1000/index.html
Book2,Tipping the Velvet,53.74,2026-06-30 19:45:45,https://books.toscrape.com/catalogue/tipping-the-velvet_999/index.html
Book1,A Light in the Attic,51.77,2026-07-01 02:46:37,https://books.toscrape.com/catalogue/a-light-in-the-attic_1000/index.html
Book2,Tipping the Velvet,53.74,2026-07-01 02:46:37,https://books.toscrape.com/catalogue/tipping-the-velvet_999/index.html
Book1,A Light in the Attic,51.77,2026-07-01 09:33:28,https://books.toscrape.com/catalogue/a-light-in-the-attic_1000/index.html
Book2,Tipping the Velvet,53.74,2026-07-01 09:33:28,https://books.toscrape.com/catalogue/tipping-the-velvet_999/index.html
Book1,A Light in the Attic,51.77,2026-07-01 14:15:33,https://books.toscrape.com/catalogue/a-light-in-the-attic_1000/index.html
Book2,Tipping the Velvet,53.74,2026-07-01 14:15:33,https://books.toscrape.com/catalogue/tipping-the-velvet_999/index.html
Book1,A Light in the Attic,51.77,2026-07-01 19:42:50,https://books.toscrape.com/catalogue/a-light-in-the-attic_1000/index.html
Book2,Tipping the Velvet,53.74,2026-07-01 19:42:50,https://books.toscrape.com/catalogue/tipping-the-velvet_999/index.html
Book1,A Light in the Attic,51.77,2026-07-02 02:36:02,https://books.toscrape.com/catalogue/a-light-in-the-attic_1000/index.html
Book2,Tipping the Velvet,53.74,2026-07-02 02:36:02,https://books.toscrape.com/catalogue/tipping-the-velvet_999/index.html
Book1,A Light in the Attic,51.77,2026-07-02 08:44:28,https://books.toscrape.com/catalogue/a-light-in-the-attic_1000/index.html
Book2,Tipping the Velvet,53.74,2026-07-02 08:44:28,https://books.toscrape.com/catalogue/tipping-the-velvet_999/index.html
Book1,A Light in the Attic,51.77,2026-07-02 13:43:11,https://books.toscrape.com/catalogue/a-light-in-the-attic_1000/index.html
Book2,Tipping the Velvet,53.74,2026-07-02 13:43:11,https://books.toscrape.com/catalogue/tipping-the-velvet_999/index.html
Book1,A Light in the Attic,51.77,2026-07-02 19:13:37,https://books.toscrape.com/catalogue/a-light-in-the-attic_1000/index.html
Book2,Tipping the Velvet,53.74,2026-07-02 19:13:37,https://books.toscrape.com/catalogue/tipping-the-velvet_999/index.html
Book1,A Light in the Attic,51.77,2026-07-03 02:11:31,https://books.toscrape.com/catalogue/a-light-in-the-attic_1000/index.html
Book2,Tipping the Velvet,53.74,2026-07-03 02:11:31,https://books.toscrape.com/catalogue/tipping-the-velvet_999/index.html
Book1,A Light in the Attic,51.77,2026-07-03 08:52:28,https://books.toscrape.com/catalogue/a-light-in-the-attic_1000/index.html
Book2,Tipping the Velvet,53.74,2026-07-03 08:52:28,https://books.toscrape.com/catalogue/tipping-the-velvet_999/index.html
Book1,A Light in the Attic,51.77,2026-07-03 13:47:45,https://books.toscrape.com/catalogue/a-light-in-the-attic_1000/index.html
Book2,Tipping the Velvet,53.74,2026-07-03 13:47:46,https://books.toscrape.com/catalogue/tipping-the-velvet_999/index.html
Book1,A Light in the Attic,51.77,2026-07-03 19:07:13,https://books.toscrape.com/catalogue/a-light-in-the-attic_1000/index.html
Book2,Tipping the Velvet,53.74,2026-07-03 19:07:14,https://books.toscrape.com/catalogue/tipping-the-velvet_999/index.html
Book1,A Light in the Attic,51.77,2026-07-04 02:10:00,https://books.toscrape.com/catalogue/a-light-in-the-attic_1000/index.html
Book2,Tipping the Velvet,53.74,2026-07-04 02:10:01,https://books.toscrape.com/catalogue/tipping-the-velvet_999/index.html
Book1,A Light in the Attic,51.77,2026-07-04 08:27:23,https://books.toscrape.com/catalogue/a-light-in-the-attic_1000/index.html
Book2,Tipping the Velvet,53.74,2026-07-04 08:27:23,https://books.toscrape.com/catalogue/tipping-the-velvet_999/index.html
Book1,A Light in the Attic,51.77,2026-07-04 13:06:31,https://books.toscrape.com/catalogue/a-light-in-the-attic_1000/index.html
Book2,Tipping the Velvet,53.74,2026-07-04 13:06:31,https://books.toscrape.com/catalogue/tipping-the-velvet_999/index.html
Book1,A Light in the Attic,51.77,2026-07-04 18:59:58,https://books.toscrape.com/catalogue/a-light-in-the-attic_1000/index.html
Book2,Tipping the Velvet,53.74,2026-07-04 18:59:58,https://books.toscrape.com/catalogue/tipping-the-velvet_999/index.html
Book1,A Light in the Attic,51.77,2026-07-05 02:25:39,https://books.toscrape.com/catalogue/a-light-in-the-attic_1000/index.html
Book2,Tipping the Velvet,53.74,2026-07-05 02:25:39,https://books.toscrape.com/catalogue/tipping-the-velvet_999/index.html
Book1,A Light in the Attic,51.77,2026-07-05 08:44:16,https://books.toscrape.com/catalogue/a-light-in-the-attic_1000/index.html
Book2,Tipping the Velvet,53.74,2026-07-05 08:44:16,https://books.toscrape.com/catalogue/tipping-the-velvet_999/index.html
Book1,A Light in the Attic,51.77,2026-07-05 13:15:25,https://books.toscrape.com/catalogue/a-light-in-the-attic_1000/index.html
Book2,Tipping the Velvet,53.74,2026-07-05 13:15:25,https://books.toscrape.com/catalogue/tipping-the-velvet_999/index.html
Book1,A Light in the Attic,51.77,2026-07-05 19:05:07,https://books.toscrape.com/catalogue/a-light-in-the-attic_1000/index.html
Book2,Tipping the Velvet,53.74,2026-07-05 19:05:07,https://books.toscrape.com/catalogue/tipping-the-velvet_999/index.html
Book1,A Light in the Attic,51.77,2026-07-06 02:29:54,https://books.toscrape.com/catalogue/a-light-in-the-attic_1000/index.html
Book2,Tipping the Velvet,53.74,2026-07-06 02:29:54,https://books.toscrape.com/catalogue/tipping-the-velvet_999/index.html
Book1,A Light in the Attic,51.77,2026-07-06 10:01:04,https://books.toscrape.com/catalogue/a-light-in-the-attic_1000/index.html
Book2,Tipping the Velvet,53.74,2026-07-06 10:01:04,https://books.toscrape.com/catalogue/tipping-the-velvet_999/index.html
Book1,A Light in the Attic,51.77,2026-07-06 15:16:32,https://books.toscrape.com/catalogue/a-light-in-the-attic_1000/index.html
Book2,Tipping the Velvet,53.74,2026-07-06 15:16:33,https://books.toscrape.com/catalogue/tipping-the-velvet_999/index.html
Book1,A Light in the Attic,51.77,2026-07-06 19:45:45,https://books.toscrape.com/catalogue/a-light-in-the-attic_1000/index.html
Book2,Tipping the Velvet,53.74,2026-07-06 19:45:45,https://books.toscrape.com/catalogue/tipping-the-velvet_999/index.html
Book1,A Light in the Attic,51.77,2026-07-07 02:25:20,https://books.toscrape.com/catalogue/a-light-in-the-attic_1000/index.html
Book2,Tipping the Velvet,53.74,2026-07-07 02:25:20,https://books.toscrape.com/catalogue/tipping-the-velvet_999/index.html
Book1,A Light in the Attic,51.77,2026-07-07 09:28:47,https://books.toscrape.com/catalogue/a-light-in-the-attic_1000/index.html
Book2,Tipping the Velvet,53.74,2026-07-07 09:28:47,https://books.toscrape.com/catalogue/tipping-the-velvet_999/index.html
Book1,A Light in the Attic,51.77,2026-07-07 14:12:50,https://books.toscrape.com/catalogue/a-light-in-the-attic_1000/index.html
Book2,Tipping the Velvet,53.74,2026-07-07 14:12:50,https://books.toscrape.com/catalogue/tipping-the-velvet_999/index.html
Book1,A Light in the Attic,51.77,2026-07-07 19:44:51,https://books.toscrape.com/catalogue/a-light-in-the-attic_1000/index.html
Book2,Tipping the Velvet,53.74,2026-07-07 19:44:51,https://books.toscrape.com/catalogue/tipping-the-velvet_999/index.html
Book1,A Light in the Attic,51.77,2026-07-08 01:59:32,https://books.toscrape.com/catalogue/a-light-in-the-attic_1000/index.html
Book2,Tipping the Velvet,53.74,2026-07-08 01:59:33,https://books.toscrape.com/catalogue/tipping-the-velvet_999/index.html
Book1,A Light in the Attic,51.77,2026-07-08 08:12:46,https://books.toscrape.com/catalogue/a-light-in-the-attic_1000/index.html
Book2,Tipping the Velvet,53.74,2026-07-08 08:12:46,https://books.toscrape.com/catalogue/tipping-the-velvet_999/index.html
Book1,A Light in the Attic,51.77,2026-07-08 13:46:45,https://books.toscrape.com/catalogue/a-light-in-the-attic_1000/index.html
Book2,Tipping the Velvet,53.74,2026-07-08 13:46:45,https://books.toscrape.com/catalogue/tipping-the-velvet_999/index.html
Book1,A Light in the Attic,51.77,2026-07-08 19:12:33,https://books.toscrape.com/catalogue/a-light-in-the-attic_1000/index.html
Book2,Tipping the Velvet,53.74,2026-07-08 19:12:33,https://books.toscrape.com/catalogue/tipping-the-velvet_999/index.html
Book1,A Light in the Attic,51.77,2026-07-09 02:11:53,https://books.toscrape.com/catalogue/a-light-in-the-attic_1000/index.html
Book2,Tipping the Velvet,53.74,2026-07-09 02:11:53,https://books.toscrape.com/catalogue/tipping-the-velvet_999/index.html
Book1,A Light in the Attic,51.77,2026-07-09 09:25:26,https://books.toscrape.com/catalogue/a-light-in-the-attic_1000/index.html
Book2,Tipping the Velvet,53.74,2026-07-09 09:25:26,https://books.toscrape.com/catalogue/tipping-the-velvet_999/index.html
Book1,A Light in the Attic,51.77,2026-07-09 14:38:31,https://books.toscrape.com/catalogue/a-light-in-the-attic_1000/index.html
Book2,Tipping the Velvet,53.74,2026-07-09 14:38:31,https://books.toscrape.com/catalogue/tipping-the-velvet_999/index.html
Book1,A Light in the Attic,51.77,2026-07-09 19:26:38,https://books.toscrape.com/catalogue/a-light-in-the-attic_1000/index.html
Book2,Tipping the Velvet,53.74,2026-07-09 19:26:38,https://books.toscrape.com/catalogue/tipping-the-velvet_999/index.html
Book1,A Light in the Attic,51.77,2026-07-10 02:11:26,https://books.toscrape.com/catalogue/a-light-in-the-attic_1000/index.html
Book2,Tipping the Velvet,53.74,2026-07-10 02:11:26,https://books.toscrape.com/catalogue/tipping-the-velvet_999/index.html
Book1,A Light in the Attic,51.77,2026-07-10 09:22:01,https://books.toscrape.com/catalogue/a-light-in-the-attic_1000/index.html
Book2,Tipping the Velvet,53.74,2026-07-10 09:22:01,https://books.toscrape.com/catalogue/tipping-the-velvet_999/index.html
Book1,A Light in the Attic,51.77,2026-07-10 14:05:23,https://books.toscrape.com/catalogue/a-light-in-the-attic_1000/index.html
Book2,Tipping the Velvet,53.74,2026-07-10 14:05:24,https://books.toscrape.com/catalogue/tipping-the-velvet_999/index.html
Book1,A Light in the Attic,51.77,2026-07-10 19:18:45,https://books.toscrape.com/catalogue/a-light-in-the-attic_1000/index.html
Book2,Tipping the Velvet,53.74,2026-07-10 19:18:46,https://books.toscrape.com/catalogue/tipping-the-velvet_999/index.html
Book1,A Light in the Attic,51.77,2026-07-11 01:57:26,https://books.toscrape.com/catalogue/a-light-in-the-attic_1000/index.html
Book2,Tipping the Velvet,53.74,2026-07-11 01:57:27,https://books.toscrape.com/catalogue/tipping-the-velvet_999/index.html
Book1,A Light in the Attic,51.77,2026-07-11 07:43:30,https://books.toscrape.com/catalogue/a-light-in-the-attic_1000/index.html
Book2,Tipping the Velvet,53.74,2026-07-11 07:43:30,https://books.toscrape.com/catalogue/tipping-the-velvet_999/index.html
Book1,A Light in the Attic,51.77,2026-07-11 13:01:30,https://books.toscrape.com/catalogue/a-light-in-the-attic_1000/index.html
Book2,Tipping the Velvet,53.74,2026-07-11 13:01:30,https://books.toscrape.com/catalogue/tipping-the-velvet_999/index.html
Book1,A Light in the Attic,51.77,2026-07-11 18:50:09,https://books.toscrape.com/catalogue/a-light-in-the-attic_1000/index.html
Book2,Tipping the Velvet,53.74,2026-07-11 18:50:09,https://books.toscrape.com/catalogue/tipping-the-velvet_999/index.html
Book1,A Light in the Attic,51.77,2026-07-12 02:00:45,https://books.toscrape.com/catalogue/a-light-in-the-attic_1000/index.html
Book2,Tipping the Velvet,53.74,2026-07-12 02:00:45,https://books.toscrape.com/catalogue/tipping-the-velvet_999/index.html
Book1,A Light in the Attic,51.77,2026-07-12 08:05:03,https://books.toscrape.com/catalogue/a-light-in-the-attic_1000/index.html
Book2,Tipping the Velvet,53.74,2026-07-12 08:05:04,https://books.toscrape.com/catalogue/tipping-the-velvet_999/index.html
Book1,A Light in the Attic,51.77,2026-07-12 13:02:11,https://books.toscrape.com/catalogue/a-light-in-the-attic_1000/index.html
Book2,Tipping the Velvet,53.74,2026-07-12 13:02:11,https://books.toscrape.com/catalogue/tipping-the-velvet_999/index.html
Book1,A Light in the Attic,51.77,2026-07-12 18:55:04,https://books.toscrape.com/catalogue/a-light-in-the-attic_1000/index.html
Book2,Tipping the Velvet,53.74,2026-07-12 18:55:04,https://books.toscrape.com/catalogue/tipping-the-velvet_999/index.html
Book1,A Light in the Attic,51.77,2026-07-13 02:02:39,https://books.toscrape.com/catalogue/a-light-in-the-attic_1000/index.html
Book2,Tipping the Velvet,53.74,2026-07-13 02:02:39,https://books.toscrape.com/catalogue/tipping-the-velvet_999/index.html
Book1,A Light in the Attic,51.77,2026-07-13 08:54:41,https://books.toscrape.com/catalogue/a-light-in-the-attic_1000/index.html
Book2,Tipping the Velvet,53.74,2026-07-13 08:54:42,https://books.toscrape.com/catalogue/tipping-the-velvet_999/index.html
Book1,A Light in the Attic,51.77,2026-07-13 14:17:15,https://books.toscrape.com/catalogue/a-light-in-the-attic_1000/index.html
Book2,Tipping the Velvet,53.74,2026-07-13 14:17:15,https://books.toscrape.com/catalogue/tipping-the-velvet_999/index.html
Book1,A Light in the Attic,51.77,2026-07-13 19:15:35,https://books.toscrape.com/catalogue/a-light-in-the-attic_1000/index.html
Book2,Tipping the Velvet,53.74,2026-07-13 19:15:35,https://books.toscrape.com/catalogue/tipping-the-velvet_999/index.html
Book1,A Light in the Attic,51.77,2026-07-14 01:48:59,https://books.toscrape.com/catalogue/a-light-in-the-attic_1000/index.html
Book2,Tipping the Velvet,53.74,2026-07-14 01:48:59,https://books.toscrape.com/catalogue/tipping-the-velvet_999/index.html
Book1,A Light in the Attic,51.77,2026-07-14 07:50:58,https://books.toscrape.com/catalogue/a-light-in-the-attic_1000/index.html
Book2,Tipping the Velvet,53.74,2026-07-14 07:50:59,https://books.toscrape.com/catalogue/tipping-the-velvet_999/index.html
Book1,A Light in the Attic,51.77,2026-07-14 13:15:52,https://books.toscrape.com/catalogue/a-light-in-the-attic_1000/index.html
Book2,Tipping the Velvet,53.74,2026-07-14 13:15:52,https://books.toscrape.com/catalogue/tipping-the-velvet_999/index.html
Book1,A Light in the Attic,51.77,2026-07-14 19:07:17,https://books.toscrape.com/catalogue/a-light-in-the-attic_1000/index.html
Book2,Tipping the Velvet,53.74,2026-07-14 19:07:18,https://books.toscrape.com/catalogue/tipping-the-velvet_999/index.html
Book1,A Light in the Attic,51.77,2026-07-15 01:45:23,https://books.toscrape.com/catalogue/a-light-in-the-attic_1000/index.html
Book2,Tipping the Velvet,53.74,2026-07-15 01:45:23,https://books.toscrape.com/catalogue/tipping-the-velvet_999/index.html
Book1,A Light in the Attic,51.77,2026-07-15 07:54:15,https://books.toscrape.com/catalogue/a-light-in-the-attic_1000/index.html
Book2,Tipping the Velvet,53.74,2026-07-15 07:54:15,https://books.toscrape.com/catalogue/tipping-the-velvet_999/index.html
Book1,A Light in the Attic,51.77,2026-07-15 13:19:53,https://books.toscrape.com/catalogue/a-light-in-the-attic_1000/index.html
Book2,Tipping the Velvet,53.74,2026-07-15 13:19:53,https://books.toscrape.com/catalogue/tipping-the-velvet_999/index.html
Book1,A Light in the Attic,51.77,2026-07-15 18:59:17,https://books.toscrape.com/catalogue/a-light-in-the-attic_1000/index.html
Book2,Tipping the Velvet,53.74,2026-07-15 18:59:17,https://books.toscrape.com/catalogue/tipping-the-velvet_999/index.html
Book1,A Light in the Attic,51.77,2026-07-16 01:55:37,https://books.toscrape.com/catalogue/a-light-in-the-attic_1000/index.html
Book2,Tipping the Velvet,53.74,2026-07-16 01:55:37,https://books.toscrape.com/catalogue/tipping-the-velvet_999/index.html
Book1,A Light in the Attic,51.77,2026-07-16 07:59:42,https://books.toscrape.com/catalogue/a-light-in-the-attic_1000/index.html
Book2,Tipping the Velvet,53.74,2026-07-16 07:59:42,https://books.toscrape.com/catalogue/tipping-the-velvet_999/index.html
Book1,A Light in the Attic,51.77,2026-07-16 13:26:42,https://books.toscrape.com/catalogue/a-light-in-the-attic_1000/index.html
Book2,Tipping the Velvet,53.74,2026-07-16 13:26:42,https://books.toscrape.com/catalogue/tipping-the-velvet_999/index.html
Book1,A Light in the Attic,51.77,2026-07-16 18:59:52,https://books.toscrape.com/catalogue/a-light-in-the-attic_1000/index.html
Book2,Tipping the Velvet,53.74,2026-07-16 18:59:52,https://books.toscrape.com/catalogue/tipping-the-velvet_999/index.html
Book1,A Light in the Attic,51.77,2026-07-17 01:59:42,https://books.toscrape.com/catalogue/a-light-in-the-attic_1000/index.html
Book2,Tipping the Velvet,53.74,2026-07-17 01:59:42,https://books.toscrape.com/catalogue/tipping-the-velvet_999/index.html
Book1,A Light in the Attic,51.77,2026-07-17 07:56:31,https://books.toscrape.com/catalogue/a-light-in-the-attic_1000/index.html
Book2,Tipping the Velvet,53.74,2026-07-17 07:56:32,https://books.toscrape.com/catalogue/tipping-the-velvet_999/index.html
Book1,A Light in the Attic,51.77,2026-07-17 13:11:37,https://books.toscrape.com/catalogue/a-light-in-the-attic_1000/index.html
Book2,Tipping the Velvet,53.74,2026-07-17 13:11:38,https://books.toscrape.com/catalogue/tipping-the-velvet_999/index.html
Book1,A Light in the Attic,51.77,2026-07-17 18:57:02,https://books.toscrape.com/catalogue/a-light-in-the-attic_1000/index.html
Book2,Tipping the Velvet,53.74,2026-07-17 18:57:02,https://books.toscrape.com/catalogue/tipping-the-velvet_999/index.html
Book1,A Light in the Attic,51.77,2026-07-18 01:49:07,https://books.toscrape.com/catalogue/a-light-in-the-attic_1000/index.html
Book2,Tipping the Velvet,53.74,2026-07-18 01:49:08,https://books.toscrape.com/catalogue/tipping-the-velvet_999/index.html
Book1,A Light in the Attic,51.77,2026-07-18 07:37:51,https://books.toscrape.com/catalogue/a-light-in-the-attic_1000/index.html
Book2,Tipping the Velvet,53.74,2026-07-18 07:37:52,https://books.toscrape.com/catalogue/tipping-the-velvet_999/index.html
Book1,A Light in the Attic,51.77,2026-07-18 12:57:30,https://books.toscrape.com/catalogue/a-light-in-the-attic_1000/index.html
Book2,Tipping the Velvet,53.74,2026-07-18 12:57:30,https://books.toscrape.com/catalogue/tipping-the-velvet_999/index.html
Book1,A Light in the Attic,51.77,2026-07-18 18:52:27,https://books.toscrape.com/catalogue/a-light-in-the-attic_1000/index.html
Book2,Tipping the Velvet,53.74,2026-07-18 18:52:27,https://books.toscrape.com/catalogue/tipping-the-velvet_999/index.html
Book1,A Light in the Attic,51.77,2026-07-19 01:58:20,https://books.toscrape.com/catalogue/a-light-in-the-attic_1000/index.html
Book2,Tipping the Velvet,53.74,2026-07-19 01:58:20,https://books.toscrape.com/catalogue/tipping-the-velvet_999/index.html
Book1,A Light in the Attic,51.77,2026-07-19 08:03:56,https://books.toscrape.com/catalogue/a-light-in-the-attic_1000/index.html
Book2,Tipping the Velvet,53.74,2026-07-19 08:03:57,https://books.toscrape.com/catalogue/tipping-the-velvet_999/index.html
Book1,A Light in the Attic,51.77,2026-07-19 12:59:56,https://books.toscrape.com/catalogue/a-light-in-the-attic_1000/index.html
Book2,Tipping the Velvet,53.74,2026-07-19 12:59:56,https://books.toscrape.com/catalogue/tipping-the-velvet_999/index.html
Book1,A Light in the Attic,51.77,2026-07-19 18:55:00,https://books.toscrape.com/catalogue/a-light-in-the-attic_1000/index.html
Book2,Tipping the Velvet,53.74,2026-07-19 18:55:00,https://books.toscrape.com/catalogue/tipping-the-velvet_999/index.html
Book1,A Light in the Attic,51.77,2026-07-20 02:14:12,https://books.toscrape.com/catalogue/a-light-in-the-attic_1000/index.html
Book2,Tipping the Velvet,53.74,2026-07-20 02:14:12,https://books.toscrape.com/catalogue/tipping-the-velvet_999/index.html
Book1,A Light in the Attic,51.77,2026-07-20 08:44:56,https://books.toscrape.com/catalogue/a-light-in-the-attic_1000/index.html
Book2,Tipping the Velvet,53.74,2026-07-20 08:44:56,https://books.toscrape.com/catalogue/tipping-the-velvet_999/index.html
Book1,A Light in the Attic,51.77,2026-07-20 13:51:52,https://books.toscrape.com/catalogue/a-light-in-the-attic_1000/index.html
Book2,Tipping the Velvet,53.74,2026-07-20 13:51:52,https://books.toscrape.com/catalogue/tipping-the-velvet_999/index.html
Book1,A Light in the Attic,51.77,2026-07-20 19:28:54,https://books.toscrape.com/catalogue/a-light-in-the-attic_1000/index.html
Book2,Tipping the Velvet,53.74,2026-07-20 19:28:55,https://books.toscrape.com/catalogue/tipping-the-velvet_999/index.html
Book1,A Light in the Attic,51.77,2026-07-21 01:57:50,https://books.toscrape.com/catalogue/a-light-in-the-attic_1000/index.html
Book2,Tipping the Velvet,53.74,2026-07-21 01:57:51,https://books.toscrape.com/catalogue/tipping-the-velvet_999/index.html
Book1,A Light in the Attic,51.77,2026-07-21 08:12:21,https://books.toscrape.com/catalogue/a-light-in-the-attic_1000/index.html
Book2,Tipping the Velvet,53.74,2026-07-21 08:12:21,https://books.toscrape.com/catalogue/tipping-the-velvet_999/index.html
Book1,A Light in the Attic,51.77,2026-07-21 13:21:59,https://books.toscrape.com/catalogue/a-light-in-the-attic_1000/index.html
Book2,Tipping the Velvet,53.74,2026-07-21 13:22:00,https://books.toscrape.com/catalogue/tipping-the-velvet_999/index.html
Book1,A Light in the Attic,51.77,2026-07-21 19:07:37,https://books.toscrape.com/catalogue/a-light-in-the-attic_1000/index.html
Book2,Tipping the Velvet,53.74,2026-07-21 19:07:37,https://books.toscrape.com/catalogue/tipping-the-velvet_999/index.html
Book1,A Light in the Attic,51.77,2026-07-22 01:56:28,https://books.toscrape.com/catalogue/a-light-in-the-attic_1000/index.html
Book2,Tipping the Velvet,53.74,2026-07-22 01:56:28,https://books.toscrape.com/catalogue/tipping-the-velvet_999/index.html
Book1,A Light in the Attic,51.77,2026-07-22 08:12:38,https://books.toscrape.com/catalogue/a-light-in-the-attic_1000/index.html
Book2,Tipping the Velvet,53.74,2026-07-22 08:12:38,https://books.toscrape.com/catalogue/tipping-the-velvet_999/index.html
Book1,A Light in the Attic,51.77,2026-07-22 13:26:15,https://books.toscrape.com/catalogue/a-light-in-the-attic_1000/index.html
Book2,Tipping the Velvet,53.74,2026-07-22 13:26:15,https://books.toscrape.com/catalogue/tipping-the-velvet_999/index.html
Book1,A Light in the Attic,51.77,2026-07-22 19:00:58,https://books.toscrape.com/catalogue/a-light-in-the-attic_1000/index.html
Book2,Tipping the Velvet,53.74,2026-07-22 19:00:58,https://books.toscrape.com/catalogue/tipping-the-velvet_999/index.html
Book1,A Light in the Attic,51.77,2026-07-23 02:04:10,https://books.toscrape.com/catalogue/a-light-in-the-attic_1000/index.html
Book2,Tipping the Velvet,53.74,2026-07-23 02:04:11,https://books.toscrape.com/catalogue/tipping-the-velvet_999/index.html
Book1,A Light in the Attic,51.77,2026-07-23 08:16:02,https://books.toscrape.com/catalogue/a-light-in-the-attic_1000/index.html
Book2,Tipping the Velvet,53.74,2026-07-23 08:16:03,https://books.toscrape.com/catalogue/tipping-the-velvet_999/index.html
Book1,A Light in the Attic,51.77,2026-07-23 13:30:07,https://books.toscrape.com/catalogue/a-light-in-the-attic_1000/index.html
Book2,Tipping the Velvet,53.74,2026-07-23 13:30:07,https://books.toscrape.com/catalogue/tipping-the-velvet_999/index.html
Book1,A Light in the Attic,51.77,2026-07-23 19:03:08,https://books.toscrape.com/catalogue/a-light-in-the-attic_1000/index.html
Book2,Tipping the Velvet,53.74,2026-07-23 19:03:08,https://books.toscrape.com/catalogue/tipping-the-velvet_999/index.html
Book1,A Light in the Attic,51.77,2026-07-24 01:59:15,https://books.toscrape.com/catalogue/a-light-in-the-attic_1000/index.html
Book2,Tipping the Velvet,53.74,2026-07-24 01:59:16,https://books.toscrape.com/catalogue/tipping-the-velvet_999/index.html
Book1,A Light in the Attic,51.77,2026-07-24 08:12:19,https://books.toscrape.com/catalogue/a-light-in-the-attic_1000/index.html
Book2,Tipping the Velvet,53.74,2026-07-24 08:12:20,https://books.toscrape.com/catalogue/tipping-the-velvet_999/index.html
Book1,A Light in the Attic,51.77,2026-07-24 13:22:02,https://books.toscrape.com/catalogue/a-light-in-the-attic_1000/index.html
Book2,Tipping the Velvet,53.74,2026-07-24 13:22:02,https://books.toscrape.com/catalogue/tipping-the-velvet_999/index.html
Book1,A Light in the Attic,51.77,2026-07-24 19:15:22,https://books.toscrape.com/catalogue/a-light-in-the-attic_1000/index.html
Book2,Tipping the Velvet,53.74,2026-07-24 19:15:22,https://books.toscrape.com/catalogue/tipping-the-velvet_999/index.html
Book1,A Light in the Attic,51.77,2026-07-25 01:58:55,https://books.toscrape.com/catalogue/a-light-in-the-attic_1000/index.html
Book2,Tipping the Velvet,53.74,2026-07-25 01:58:55,https://books.toscrape.com/catalogue/tipping-the-velvet_999/index.html
Book1,A Light in the Attic,51.77,2026-07-25 07:54:06,https://books.toscrape.com/catalogue/a-light-in-the-attic_1000/index.html
Book2,Tipping the Velvet,53.74,2026-07-25 07:54:07,https://books.toscrape.com/catalogue/tipping-the-velvet_999/index.html
Book1,A Light in the Attic,51.77,2026-07-25 13:06:50,https://books.toscrape.com/catalogue/a-light-in-the-attic_1000/index.html
Book2,Tipping the Velvet,53.74,2026-07-25 13:06:51,https://books.toscrape.com/catalogue/tipping-the-velvet_999/index.html
Book1,A Light in the Attic,51.77,2026-07-25 18:56:22,https://books.toscrape.com/catalogue/a-light-in-the-attic_1000/index.html
Book2,Tipping the Velvet,53.74,2026-07-25 18:56:22,https://books.toscrape.com/catalogue/tipping-the-velvet_999/index.html
Book1,A Light in the Attic,51.77,2026-07-26 02:03:12,https://books.toscrape.com/catalogue/a-light-in-the-attic_1000/index.html
Book2,Tipping the Velvet,53.74,2026-07-26 02:03:12,https://books.toscrape.com/catalogue/tipping-the-velvet_999/index.html
Book1,A Light in the Attic,51.77,2026-07-26 08:12:37,https://books.toscrape.com/catalogue/a-light-in-the-attic_1000/index.html
Book2,Tipping the Velvet,53.74,2026-07-26 08:12:37,https://books.toscrape.com/catalogue/tipping-the-velvet_999/index.html
Book1,A Light in the Attic,51.77,2026-07-26 13:03:44,https://books.toscrape.com/catalogue/a-light-in-the-attic_1000/index.html
Book2,Tipping the Velvet,53.74,2026-07-26 13:03:44,https://books.toscrape.com/catalogue/tipping-the-velvet_999/index.html
Book1,A Light in the Attic,51.77,2026-07-26 19:00:20,https://books.toscrape.com/catalogue/a-light-in-the-attic_1000/index.html
Book2,Tipping the Velvet,53.74,2026-07-26 19:00:20,https://books.toscrape.com/catalogue/tipping-the-velvet_999/index.html
Book1,A Light in the Attic,51.77,2026-07-27 02:10:44,https://books.toscrape.com/catalogue/a-light-in-the-attic_1000/index.html
Book2,Tipping the Velvet,53.74,2026-07-27 02:10:44,https://books.toscrape.com/catalogue/tipping-the-velvet_999/index.html
Book1,A Light in the Attic,51.77,2026-07-27 09:36:14,https://books.toscrape.com/catalogue/a-light-in-the-attic_1000/index.html
Book2,Tipping the Velvet,53.74,2026-07-27 09:36:14,https://books.toscrape.com/catalogue/tipping-the-velvet_999/index.html
Book1,A Light in the Attic,51.77,2026-07-27 14:15:06,https://books.toscrape.com/catalogue/a-light-in-the-attic_1000/index.html
Book2,Tipping the Velvet,53.74,2026-07-27 14:15:06,https://books.toscrape.com/catalogue/tipping-the-velvet_999/index.html
Book1,A Light in the Attic,51.77,2026-07-27 19:16:27,https://books.toscrape.com/catalogue/a-light-in-the-attic_1000/index.html
Book2,Tipping the Velvet,53.74,2026-07-27 19:16:27,https://books.toscrape.com/catalogue/tipping-the-velvet_999/index.html
Book1,A Light in the Attic,51.77,2026-07-28 01:51:43,https://books.toscrape.com/catalogue/a-light-in-the-attic_1000/index.html
Book2,Tipping the Velvet,53.74,2026-07-28 01:51:43,https://books.toscrape.com/catalogue/tipping-the-velvet_999/index.html
Book1,A Light in the Attic,51.77,2026-07-28 08:20:43,https://books.toscrape.com/catalogue/a-light-in-the-attic_1000/index.html
Book2,Tipping the Velvet,53.74,2026-07-28 08:20:43,https://books.toscrape.com/catalogue/tipping-the-velvet_999/index.html
Book1,A Light in the Attic,51.77,2026-07-28 13:46:49,https://books.toscrape.com/catalogue/a-light-in-the-attic_1000/index.html
Book2,Tipping the Velvet,53.74,2026-07-28 13:46:50,https://books.toscrape.com/catalogue/tipping-the-velvet_999/index.html
Book1,A Light in the Attic,51.77,2026-07-28 19:12:10,https://books.toscrape.com/catalogue/a-light-in-the-attic_1000/index.html
Book2,Tipping the Velvet,53.74,2026-07-28 19:12:11,https://books.toscrape.com/catalogue/tipping-the-velvet_999/index.html
Book1,A Light in the Attic,51.77,2026-07-29 01:54:49,https://books.toscrape.com/catalogue/a-light-in-the-attic_1000/index.html
Book2,Tipping the Velvet,53.74,2026-07-29 01:54:49,https://books.toscrape.com/catalogue/tipping-the-velvet_999/index.html
Book1,A Light in the Attic,51.77,2026-07-29 08:26:43,https://books.toscrape.com/catalogue/a-light-in-the-attic_1000/index.html
Book2,Tipping the Velvet,53.74,2026-07-29 08:26:43,https://books.toscrape.com/catalogue/tipping-the-velvet_999/index.html
Book1,A Light in the Attic,51.77,2026-07-29 13:51:35,https://books.toscrape.com/catalogue/a-light-in-the-attic_1000/index.html
Book2,Tipping the Velvet,53.74,2026-07-29 13:51:35,https://books.toscrape.com/catalogue/tipping-the-velvet_999/index.html
Book1,A Light in the Attic,51.77,2026-07-29 19:02:14,https://books.toscrape.com/catalogue/a-light-in-the-attic_1000/index.html
Book2,Tipping the Velvet,53.74,2026-07-29 19:02:14,https://books.toscrape.com/catalogue/tipping-the-velvet_999/index.html
Book1,A Light in the Attic,51.77,2026-07-30 01:46:53,https://books.toscrape.com/catalogue/a-light-in-the-attic_1000/index.html
Book2,Tipping the Velvet,53.74,2026-07-30 01:46:53,https://books.toscrape.com/catalogue/tipping-the-velvet_999/index.html
Book1,A Light in the Attic,51.77,2026-07-30 08:11:19,https://books.toscrape.com/catalogue/a-light-in-the-attic_1000/index.html
Book2,Tipping the Velvet,53.74,2026-07-30 08:11:19,https://books.toscrape.com/catalogue/tipping-the-velvet_999/index.html
Book1,A Light in the Attic,51.77,2026-07-30 13:42:08,https://books.toscrape.com/catalogue/a-light-in-the-attic_1000/index.html
Book2,Tipping the Velvet,53.74,2026-07-30 13:42:09,https://books.toscrape.com/catalogue/tipping-the-velvet_999/index.html
Book1,A Light in the Attic,51.77,2026-07-30 19:13:40,https://books.toscrape.com/catalogue/a-light-in-the-attic_1000/index.html
Book2,Tipping the Velvet,53.74,2026-07-30 19:13:40,https://books.toscrape.com/catalogue/tipping-the-velvet_999/index.html
Book1,A Light in the Attic,51.77,2026-07-31 02:04:39,https://books.toscrape.com/catalogue/a-light-in-the-attic_1000/index.html
Book2,Tipping the Velvet,53.74,2026-07-31 02:04:39,https://books.toscrape.com/catalogue/tipping-the-velvet_999/index.html
Book1,A Light in the Attic,51.77,2026-07-31 08:38:17,https://books.toscrape.com/catalogue/a-light-in-the-attic_1000/index.html
Book2,Tipping the Velvet,53.74,2026-07-31 08:38:18,https://books.toscrape.com/catalogue/tipping-the-velvet_999/index.html
Book1,A Light in the Attic,51.77,2026-07-31 13:46:31,https://books.toscrape.com/catalogue/a-light-in-the-attic_1000/index.html
Book2,Tipping the Velvet,53.74,2026-07-31 13:46:31,https://books.toscrape.com/catalogue/tipping-the-velvet_999/index.html
Book1,A Light in the Attic,51.77,2026-07-31 19:12:37,https://books.toscrape.com/catalogue/a-light-in-the-attic_1000/index.html
Book2,Tipping the Velvet,53.74,2026-07-31 19:12:37,https://books.toscrape.com/catalogue/tipping-the-velvet_999/index.html
Book1,A Light in the Attic,51.77,2026-08-01 02:05:37,https://books.toscrape.com/catalogue/a-light-in-the-attic_1000/index.html
Book2,Tipping the Velvet,53.74,2026-08-01 02:05:37,https://books.toscrape.com/catalogue/tipping-the-velvet_999/index.html
Book1,A Light in the Attic,51.77,2026-08-01 08:07:55,https://books.toscrape.com/catalogue/a-light-in-the-attic_1000/index.html
Book2,Tipping the Velvet,53.74,2026-08-01 08:07:55,https://books.toscrape.com/catalogue/tipping-the-velvet_999/index.html
Book1,A Light in the Attic,51.77,2026-08-01 13:02:20,https://books.toscrape.com/catalogue/a-light-in-the-attic_1000/index.html
Book2,Tipping the Velvet,53.74,2026-08-01 13:02:20,https://books.toscrape.com/catalogue/tipping-the-velvet_999/index.html
Book1,A Light in the Attic,51.77,2026-08-01 18:58:27,https://books.toscrape.com/catalogue/a-light-in-the-attic_1000/index.html
Book2,Tipping the Velvet,53.74,2026-08-01 18:58:27,https://books.toscrape.com/catalogue/tipping-the-velvet_999/index.html
Book1,A Light in the Attic,51.77,2026-08-02 02:02:31,https://books.toscrape.com/catalogue/a-light-in-the-attic_1000/index.html
Book2,Tipping the Velvet,53.74,2026-08-02 02:02:31,https://books.toscrape.com/catalogue/tipping-the-velvet_999/index.html
Book1,A Light in the Attic,51.77,2026-08-02 08:09:41,https://books.toscrape.com/catalogue/a-light-in-the-attic_1000/index.html
Book2,Tipping the Velvet,53.74,2026-08-02 08:09:41,https://books.toscrape.com/catalogue/tipping-the-velvet_999/index.html
Book1,A Light in the Attic,51.77,2026-08-02 13:04:45,https://books.toscrape.com/catalogue/a-light-in-the-attic_1000/index.html
Book2,Tipping the Velvet,53.74,2026-08-02 13:04:45,https://books.toscrape.com/catalogue/tipping-the-velvet_999/index.html
Book1,A Light in the Attic,51.77,2026-08-02 18:59:05,https://books.toscrape.com/catalogue/a-light-in-the-attic_1000/index.html
Book2,Tipping the Velvet,53.74,2026-08-02 18:59:05,https://books.toscrape.com/catalogue/tipping-the-velvet_999/index.html
Book1,A Light in the Attic,51.77,2026-08-03 02:04:46,https://books.toscrape.com/catalogue/a-light-in-the-attic_1000/index.html
Book2,Tipping the Velvet,53.74,2026-08-03 02:04:46,https://books.toscrape.com/catalogue/tipping-the-velvet_999/index.html
Book1,A Light in the Attic,51.77,2026-08-03 09:28:37,https://books.toscrape.com/catalogue/a-light-in-the-attic_1000/index.html
Book2,Tipping the Velvet,53.74,2026-08-03 09:28:37,https://books.toscrape.com/catalogue/tipping-the-velvet_999/index.html
Book1,A Light in the Attic,51.77,2026-08-03 14:21:47,https://books.toscrape.com/catalogue/a-light-in-the-attic_1000/index.html
Book2,Tipping the Velvet,53.74,2026-08-03 14:21:47,https://books.toscrape.com/catalogue/tipping-the-velvet_999/index.html
Book1,A Light in the Attic,51.77,2026-08-03 19:21:51,https://books.toscrape.com/catalogue/a-light-in-the-attic_1000/index.html
Book2,Tipping the Velvet,53.74,2026-08-03 19:21:51,https://books.toscrape.com/catalogue/tipping-the-velvet_999/index.html
Book1,A Light in the Attic,51.77,2026-08-04 01:50:20,https://books.toscrape.com/catalogue/a-light-in-the-attic_1000/index.html
Book2,Tipping the Velvet,53.74,2026-08-04 01:50:20,https://books.toscrape.com/catalogue/tipping-the-velvet_999/index.html
Book1,A Light in the Attic,51.77,2026-08-04 08:25:14,https://books.toscrape.com/catalogue/a-light-in-the-attic_1000/index.html
Book2,Tipping the Velvet,53.74,2026-08-04 08:25:14,https://books.toscrape.com/catalogue/tipping-the-velvet_999/index.html
Book1,A Light in the Attic,51.77,2026-08-04 13:52:56,https://books.toscrape.com/catalogue/a-light-in-the-attic_1000/index.html
Book2,Tipping the Velvet,53.74,2026-08-04 13:52:57,https://books.toscrape.com/catalogue/tipping-the-velvet_999/index.html
Book1,A Light in the Attic,51.77,2026-08-04 19:21:26,https://books.toscrape.com/catalogue/a-light-in-the-attic_1000/index.html
Book2,Tipping the Velvet,53.74,2026-08-04 19:21:26,https://books.toscrape.com/catalogue/tipping-the-velvet_999/index.html
Book1,A Light in the Attic,51.77,2026-08-05 01:51:07,https://books.toscrape.com/catalogue/a-light-in-the-attic_1000/index.html
Book2,Tipping the Velvet,53.74,2026-08-05 01:51:07,https://books.toscrape.com/catalogue/tipping-the-velvet_999/index.html
Book1,A Light in the Attic,51.77,2026-08-05 08:23:18,https://books.toscrape.com/catalogue/a-light-in-the-attic_1000/index.html
Book2,Tipping the Velvet,53.74,2026-08-05 08:23:18,https://books.toscrape.com/catalogue/tipping-the-velvet_999/index.html
Book1,A Light in the Attic,51.77,2026-08-05 13:49:05,https://books.toscrape.com/catalogue/a-light-in-the-attic_1000/index.html
Book2,Tipping the Velvet,53.74,2026-08-05 13:49:05,https://books.toscrape.com/catalogue/tipping-the-velvet_999/index.html
Book1,A Light in the Attic,51.77,2026-08-05 19:18:48,https://books.toscrape.com/catalogue/a-light-in-the-attic_1000/index.html
Book2,Tipping the Velvet,53.74,2026-08-05 19:18:48,https://books.toscrape.com/catalogue/tipping-the-velvet_999/index.html
Book1,A Light in the Attic,51.77,2026-08-06 01:52:31,https://books.toscrape.com/catalogue/a-light-in-the-attic_1000/index.html
Book2,Tipping the Velvet,53.74,2026-08-06 01:52:32,https://books.toscrape.com/catalogue/tipping-the-velvet_999/index.html
Book1,A Light in the Attic,51.77,2026-08-06 08:20:23,https://books.toscrape.com/catalogue/a-light-in-the-attic_1000/index.html
Book2,Tipping the Velvet,53.74,2026-08-06 08:20:23,https://books.toscrape.com/catalogue/tipping-the-velvet_999/index.html
Book1,A Light in the Attic,51.77,2026-08-06 13:46:29,https://books.toscrape.com/catalogue/a-light-in-the-attic_1000/index.html
Book2,Tipping the Velvet,53.74,2026-08-06 13:46:29,https://books.toscrape.com/catalogue/tipping-the-velvet_999/index.html
Book1,A Light in the Attic,51.77,2026-08-06 23:52:20,https://books.toscrape.com/catalogue/a-light-in-the-attic_1000/index.html
Book2,Tipping the Velvet,53.74,2026-08-06 23:52:21,https://books.toscrape.com/catalogue/tipping-the-velvet_999/index.html
Book1,A Light in the Attic,51.77,2026-08-07 02:14:27,https://books.toscrape.com/catalogue/a-light-in-the-attic_1000/index.html
Book2,Tipping the Velvet,53.74,2026-08-07 02:14:27,https://books.toscrape.com/catalogue/tipping-the-velvet_999/index.html
Book1,A Light in the Attic,51.77,2026-08-07 07:02:46,https://books.toscrape.com/catalogue/a-light-in-the-attic_1000/index.html
Book2,Tipping the Velvet,53.74,2026-08-07 07:02:46,https://books.toscrape.com/catalogue/tipping-the-velvet_999/index.html
Book1,A Light in the Attic,51.77,2026-08-07 12:44:24,https://books.toscrape.com/catalogue/a-light-in-the-attic_1000/index.html
Book2,Tipping the Velvet,53.74,2026-08-07 12:44:24,https://books.toscrape.com/catalogue/tipping-the-velvet_999/index.html
Book1,A Light in the Attic,51.77,2026-08-07 18:43:25,https://books.toscrape.com/catalogue/a-light-in-the-attic_1000/index.html
Book2,Tipping the Velvet,53.74,2026-08-07 18:43:25,https://books.toscrape.com/catalogue/tipping-the-velvet_999/index.html
Book1,A Light in the Attic,51.77,2026-08-08 01:02:56,https://books.toscrape.com/catalogue/a-light-in-the-attic_1000/index.html
Book2,Tipping the Velvet,53.74,2026-08-08 01:02:57,https://books.toscrape.com/catalogue/tipping-the-velvet_999/index.html
Book1,A Light in the Attic,51.77,2026-08-08 06:37:56,https://books.toscrape.com/catalogue/a-light-in-the-attic_1000/index.html
Book2,Tipping the Velvet,53.74,2026-08-08 06:37:56,https://books.toscrape.com/catalogue/tipping-the-velvet_999/index.html
Book1,A Light in the Attic,51.77,2026-08-08 12:31:44,https://books.toscrape.com/catalogue/a-light-in-the-attic_1000/index.html
Book2,Tipping the Velvet,53.74,2026-08-08 12:31:44,https://books.toscrape.com/catalogue/tipping-the-velvet_999/index.html
Book1,A Light in the Attic,51.77,2026-08-08 18:25:52,https://books.toscrape.com/catalogue/a-light-in-the-attic_1000/index.html
Book2,Tipping the Velvet,53.74,2026-08-08 18:25:52,https://books.toscrape.com/catalogue/tipping-the-velvet_999/index.html
Book1,A Light in the Attic,51.77,2026-08-09 01:06:56,https://books.toscrape.com/catalogue/a-light-in-the-attic_1000/index.html
Book2,Tipping the Velvet,53.74,2026-08-09 01:06:56,https://books.toscrape.com/catalogue/tipping-the-velvet_999/index.html
Book1,A Light in the Attic,51.77,2026-08-09 06:41:46,https://books.toscrape.com/catalogue/a-light-in-the-attic_1000/index.html
Book2,Tipping the Velvet,53.74,2026-08-09 06:41:46,https://books.toscrape.com/catalogue/tipping-the-velvet_999/index.html
Book1,A Light in the Attic,51.77,2026-08-09 12:34:39,https://books.toscrape.com/catalogue/a-light-in-the-attic_1000/index.html
Book2,Tipping the Velvet,53.74,2026-08-09 12:34:39,https://books.toscrape.com/catalogue/tipping-the-velvet_999/index.html
Book1,A Light in the Attic,51.77,2026-08-09 18:28:24,https://books.toscrape.com/catalogue/a-light-in-the-attic_1000/index.html
Book2,Tipping the Velvet,53.74,2026-08-09 18:28:24,https://books.toscrape.com/catalogue/tipping-the-velvet_999/index.html
Book1,A Light in the Attic,51.77,2026-08-10 01:08:55,https://books.toscrape.com/catalogue/a-light-in-the-attic_1000/index.html
Book2,Tipping the Velvet,53.74,2026-08-10 01:08:55,https://books.toscrape.com/catalogue/tipping-the-velvet_999/index.html
Book1,A Light in the Attic,51.77,2026-08-10 07:15:58,https://books.toscrape.com/catalogue/a-light-in-the-attic_1000/index.html
Book2,Tipping the Velvet,53.74,2026-08-10 07:15:58,https://books.toscrape.com/catalogue/tipping-the-velvet_999/index.html
Book1,A Light in the Attic,51.77,2026-08-10 12:51:57,https://books.toscrape.com/catalogue/a-light-in-the-attic_1000/index.html
Book2,Tipping the Velvet,53.74,2026-08-10 12:51:58,https://books.toscrape.com/catalogue/tipping-the-velvet_999/index.html
Book1,A Light in the Attic,51.77,2026-08-10 18:44:58,https://books.toscrape.com/catalogue/a-light-in-the-attic_1000/index.html
Book2,Tipping the Velvet,53.74,2026-08-10 18:44:58,https://books.toscrape.com/catalogue/tipping-the-velvet_999/index.html
Book1,A Light in the Attic,51.77,2026-08-11 01:07:42,https://books.toscrape.com/catalogue/a-light-in-the-attic_1000/index.html
Book2,Tipping the Velvet,53.74,2026-08-11 01:07:43,https://books.toscrape.com/catalogue/tipping-the-velvet_999/index.html
Book1,A Light in the Attic,51.77,2026-08-11 06:53:46,https://books.toscrape.com/catalogue/a-light-in-the-attic_1000/index.html
Book2,Tipping the Velvet,53.74,2026-08-11 06:53:46,https://books.toscrape.com/catalogue/tipping-the-velvet_999/index.html
Book1,A Light in the Attic,51.77,2026-08-11 12:46:10,https://books.toscrape.com/catalogue/a-light-in-the-attic_1000/index.html
Book2,Tipping the Velvet,53.74,2026-08-11 12:46:10,https://books.toscrape.com/catalogue/tipping-the-velvet_999/index.html
Book1,A Light in the Attic,51.77,2026-08-11 18:51:54,https://books.toscrape.com/catalogue/a-light-in-the-attic_1000/index.html
Book2,Tipping the Velvet,53.74,2026-08-11 18:51:54,https://books.toscrape.com/catalogue/tipping-the-velvet_999/index.html
Book1,A Light in the Attic,51.77,2026-08-12 01:15:54,https://books.toscrape.com/catalogue/a-light-in-the-attic_1000/index.html
Book2,Tipping the Velvet,53.74,2026-08-12 01:15:54,https://books.toscrape.com/catalogue/tipping-the-velvet_999/index.html
Book1,A Light in the Attic,51.77,2026-08-12 07:12:57,https://books.toscrape.com/catalogue/a-light-in-the-attic_1000/index.html
Book2,Tipping the Velvet,53.74,2026-08-12 07:12:57,https://books.toscrape.com/catalogue/tipping-the-velvet_999/index.html
Book1,A Light in the Attic,51.77,2026-08-12 12:51:18,https://books.toscrape.com/catalogue/a-light-in-the-attic_1000/index.html
Book2,Tipping the Velvet,53.74,2026-08-12 12:51:18,https://books.toscrape.com/catalogue/tipping-the-velvet_999/index.html
Book1,A Light in the Attic,51.77,2026-08-12 18:52:14,https://books.toscrape.com/catalogue/a-light-in-the-attic_1000/index.html
Book2,Tipping the Velvet,53.74,2026-08-12 18:52:15,https://books.toscrape.com/catalogue/tipping-the-velvet_999/index.html
Book1,A Light in the Attic,51.77,2026-08-13 01:17:10,https://books.toscrape.com/catalogue/a-light-in-the-attic_1000/index.html
Book2,Tipping the Velvet,53.74,2026-08-13 01:17:11,https://books.toscrape.com/catalogue/tipping-the-velvet_999/index.html
Book1,A Light in the Attic,51.77,2026-08-13 07:15:47,https://books.toscrape.com/catalogue/a-light-in-the-attic_1000/index.html
Book2,Tipping the Velvet,53.74,2026-08-13 07:15:47,https://books.toscrape.com/catalogue/tipping-the-velvet_999/index.html
Book1,A Light in the Attic,51.77,2026-08-13 12:52:45,https://books.toscrape.com/catalogue/a-light-in-the-attic_1000/index.html
Book2,Tipping the Velvet,53.74,2026-08-13 12:52:46,https://books.toscrape.com/catalogue/tipping-the-velvet_999/index.html
Book1,A Light in the Attic,51.77,2026-08-13 18:52:45,https://books.toscrape.com/catalogue/a-light-in-the-attic_1000/index.html
Book2,Tipping the Velvet,53.74,2026-08-13 18:52:45,https://books.toscrape.com/catalogue/tipping-the-velvet_999/index.html
Book1,A Light in the Attic,51.77,2026-08-14 01:16:29,https://books.toscrape.com/catalogue/a-light-in-the-attic_1000/index.html
Book2,Tipping the Velvet,53.74,2026-08-14 01:16:29,https://books.toscrape.com/catalogue/tipping-the-velvet_999/index.html
Book1,A Light in the Attic,51.77,2026-08-14 07:13:18,https://books.toscrape.com/catalogue/a-light-in-the-attic_1000/index.html
Book2,Tipping the Velvet,53.74,2026-08-14 07:13:18,https://books.toscrape.com/catalogue/tipping-the-velvet_999/index.html
Book1,A Light in the Attic,51.77,2026-08-14 12:46:40,https://books.toscrape.com/catalogue/a-light-in-the-attic_1000/index.html
Book2,Tipping the Velvet,53.74,2026-08-14 12:46:40,https://books.toscrape.com/catalogue/tipping-the-velvet_999/index.html
Book1,A Light in the Attic,51.77,2026-08-14 18:43:15,https://books.toscrape.com/catalogue/a-light-in-the-attic_1000/index.html
Book2,Tipping the Velvet,53.74,2026-08-14 18:43:15,https://books.toscrape.com/catalogue/tipping-the-velvet_999/index.html
Book1,A Light in the Attic,51.77,2026-08-15 00:48:16,https://books.toscrape.com/catalogue/a-light-in-the-attic_1000/index.html
Book2,Tipping the Velvet,53.74,2026-08-15 00:48:17,https://books.toscrape.com/catalogue/tipping-the-velvet_999/index.html
Book1,A Light in the Attic,51.77,2026-08-15 06:23:58,https://books.toscrape.com/catalogue/a-light-in-the-attic_1000/index.html
Book2,Tipping the Velvet,53.74,2026-08-15 06:23:58,https://books.toscrape.com/catalogue/tipping-the-velvet_999/index.html
Book1,A Light in the Attic,51.77,2026-08-15 12:21:49,https://books.toscrape.com/catalogue/a-light-in-the-attic_1000/index.html
Book2,Tipping the Velvet,53.74,2026-08-15 12:21:49,https://books.toscrape.com/catalogue/tipping-the-velvet_999/index.html
Book1,A Light in the Attic,51.77,2026-08-15 18:17:35,https://books.toscrape.com/catalogue/a-light-in-the-attic_1000/index.html
Book2,Tipping the Velvet,53.74,2026-08-15 18:17:35,https://books.toscrape.com/catalogue/tipping-the-velvet_999/index.html
Book1,A Light in the Attic,51.77,2026-08-16 00:51:23,https://books.toscrape.com/catalogue/a-light-in-the-attic_1000/index.html
Book2,Tipping the Velvet,53.74,2026-08-16 00:51:23,https://books.toscrape.com/catalogue/tipping-the-velvet_999/index.html
Book1,A Light in the Attic,51.77,2026-08-16 06:26:45,https://books.toscrape.com/catalogue/a-light-in-the-attic_1000/index.html
Book2,Tipping the Velvet,53.74,2026-08-16 06:26:45,https://books.toscrape.com/catalogue/tipping-the-velvet_999/index.html
Book1,A Light in the Attic,51.77,2026-08-16 12:23:19,https://books.toscrape.com/catalogue/a-light-in-the-attic_1000/index.html
Book2,Tipping the Velvet,53.74,2026-08-16 12:23:19,https://books.toscrape.com/catalogue/tipping-the-velvet_999/index.html
Book1,A Light in the Attic,51.77,2026-08-16 18:17:29,https://books.toscrape.com/catalogue/a-light-in-the-attic_1000/index.html
Book2,Tipping the Velvet,53.74,2026-08-16 18:17:30,https://books.toscrape.com/catalogue/tipping-the-velvet_999/index.html
Book1,A Light in the Attic,51.77,2026-08-17 00:48:57,https://books.toscrape.com/catalogue/a-light-in-the-attic_1000/index.html
Book2,Tipping the Velvet,53.74,2026-08-17 00:48:58,https://books.toscrape.com/catalogue/tipping-the-velvet_999/index.html
Book1,A Light in the Attic,51.77,2026-08-17 06:37:30,https://books.toscrape.com/catalogue/a-light-in-the-attic_1000/index.html
Book2,Tipping the Velvet,53.74,2026-08-17 06:37:30,https://books.toscrape.com/catalogue/tipping-the-velvet_999/index.html
Book1,A Light in the Attic,51.77,2026-08-17 12:27:42,https://books.toscrape.com/catalogue/a-light-in-the-attic_1000/index.html
Book2,Tipping the Velvet,53.74,2026-08-17 12:27:42,https://books.toscrape.com/catalogue/tipping-the-velvet_999/index.html
Book1,A Light in the Attic,51.77,2026-08-17 18:26:35,https://books.toscrape.com/catalogue/a-light-in-the-attic_1000/index.html
Book2,Tipping the Velvet,53.74,2026-08-17 18:26:35,https://books.toscrape.com/catalogue/tipping-the-velvet_999/index.html
Book1,A Light in the Attic,51.77,2026-08-18 00:47:10,https://books.toscrape.com/catalogue/a-light-in-the-attic_1000/index.html
Book2,Tipping the Velvet,53.74,2026-08-18 00:47:11,https://books.toscrape.com/catalogue/tipping-the-velvet_999/index.html
Book1,A Light in the Attic,51.77,2026-08-18 06:29:17,https://books.toscrape.com/catalogue/a-light-in-the-attic_1000/index.html
Book2,Tipping the Velvet,53.74,2026-08-18 06:29:18,https://books.toscrape.com/catalogue/tipping-the-velvet_999/index.html
Book1,A Light in the Attic,51.77,2026-08-18 12:29:43,https://books.toscrape.com/catalogue/a-light-in-the-attic_1000/index.html
Book2,Tipping the Velvet,53.74,2026-08-18 12:29:43,https://books.toscrape.com/catalogue/tipping-the-velvet_999/index.html
Book1,A Light in the Attic,51.77,2026-08-18 18:26:13,https://books.toscrape.com/catalogue/a-light-in-the-attic_1000/index.html
Book2,Tipping the Velvet,53.74,2026-08-18 18:26:13,https://books.toscrape.com/catalogue/tipping-the-velvet_999/index.html
Book1,A Light in the Attic,51.77,2026-08-19 00:48:05,https://books.toscrape.com/catalogue/a-light-in-the-attic_1000/index.html
Book2,Tipping the Velvet,53.74,2026-08-19 00:48:05,https://books.toscrape.com/catalogue/tipping-the-velvet_999/index.html
Book1,A Light in the Attic,51.77,2026-08-19 06:30:12,https://books.toscrape.com/catalogue/a-light-in-the-attic_1000/index.html
Book2,Tipping the Velvet,53.74,2026-08-19 06:30:12,https://books.toscrape.com/catalogue/tipping-the-velvet_999/index.html
Book1,A Light in the Attic,51.77,2026-08-19 12:30:07,https://books.toscrape.com/catalogue/a-light-in-the-attic_1000/index.html
Book2,Tipping the Velvet,53.74,2026-08-19 12:30:08,https://books.toscrape.com/catalogue/tipping-the-velvet_999/index.html
Book1,A Light in the Attic,51.77,2026-08-19 18:22:30,https://books.toscrape.com/catalogue/a-light-in-the-attic_1000/index.html
Book2,Tipping the Velvet,53.74,2026-08-19 18:22:31,https://books.toscrape.com/catalogue/tipping-the-velvet_999/index.html
Book1,A Light in the Attic,51.77,2026-08-20 00:48:11,https://books.toscrape.com/catalogue/a-light-in-the-attic_1000/index.html
Book2,Tipping the Velvet,53.74,2026-08-20 00:48:11,https://books.toscrape.com/catalogue/tipping-the-velvet_999/index.html
Book1,A Light in the Attic,51.77,2026-08-20 06:32:33,https://books.toscrape.com/catalogue/a-light-in-the-attic_1000/index.html
Book2,Tipping the Velvet,53.74,2026-08-20 06:32:33,https://books.toscrape.com/catalogue/tipping-the-velvet_999/index.html
Book1,A Light in the Attic,51.77,2026-08-20 12:32:01,https://books.toscrape.com/catalogue/a-light-in-the-attic_1000/index.html
Book2,Tipping the Velvet,53.74,2026-08-20 12:32:01,https://books.toscrape.com/catalogue/tipping-the-velvet_999/index.html
Book1,A Light in the Attic,51.77,2026-08-20 18:27:18,https://books.toscrape.com/catalogue/a-light-in-the-attic_1000/index.html
Book2,Tipping the Velvet,53.74,2026-08-20 18:27:18,https://books.toscrape.com/catalogue/tipping-the-velvet_999/index.html
Book1,A Light in the Attic,51.77,2026-08-21 00:52:24,https://books.toscrape.com/catalogue/a-light-in-the-attic_1000/index.html
Book2,Tipping the Velvet,53.74,2026-08-21 00:52:24,https://books.toscrape.com/catalogue/tipping-the-velvet_999/index.html
Book1,A Light in the Attic,51.77,2026-08-21 06:32:57,https://books.toscrape.com/catalogue/a-light-in-the-attic_1000/index.html
Book2,Tipping the Velvet,53.74,2026-08-21 06:32:58,https://books.toscrape.com/catalogue/tipping-the-velvet_999/index.html
Book1,A Light in the Attic,51.77,2026-08-21 12:30:59,https://books.toscrape.com/catalogue/a-light-in-the-attic_1000/index.html
Book2,Tipping the Velvet,53.74,2026-08-21 12:30:59,https://books.toscrape.com/catalogue/tipping-the-velvet_999/index.html
Book1,A Light in the Attic,51.77,2026-08-21 18:25:21,https://books.toscrape.com/catalogue/a-light-in-the-attic_1000/index.html
Book2,Tipping the Velvet,53.74,2026-08-21 18:25:21,https://books.toscrape.com/catalogue/tipping-the-velvet_999/index.html
Book1,A Light in the Attic,51.77,2026-08-22 00:48:09,https://books.toscrape.com/catalogue/a-light-in-the-attic_1000/index.html
Book2,Tipping the Velvet,53.74,2026-08-22 00:48:09,https://books.toscrape.com/catalogue/tipping-the-velvet_999/index.html
Book1,A Light in the Attic,51.77,2026-08-22 06:26:16,https://books.toscrape.com/catalogue/a-light-in-the-attic_1000/index.html
Book2,Tipping the Velvet,53.74,2026-08-22 06:26:16,https://books.toscrape.com/catalogue/tipping-the-velvet_999/index.html
Book1,A Light in the Attic,51.77,2026-08-22 12:22:33,https://books.toscrape.com/catalogue/a-light-in-the-attic_1000/index.html
Book2,Tipping the Velvet,53.74,2026-08-22 12:22:33,https://books.toscrape.com/catalogue/tipping-the-velvet_999/index.html
Book1,A Light in the Attic,51.77,2026-08-22 18:18:17,https://books.toscrape.com/catalogue/a-light-in-the-attic_1000/index.html
Book2,Tipping the Velvet,53.74,2026-08-22 18:18:17,https://books.toscrape.com/catalogue/tipping-the-velvet_999/index.html
Book1,A Light in the Attic,51.77,2026-08-23 00:52:24,https://books.toscrape.com/catalogue/a-light-in-the-attic_1000/index.html
Book2,Tipping the Velvet,53.74,2026-08-23 00:52:24,https://books.toscrape.com/catalogue/tipping-the-velvet_999/index.html
Book1,A Light in the Attic,51.77,2026-08-23 06:27:38,https://books.toscrape.com/catalogue/a-light-in-the-attic_1000/index.html
Book2,Tipping the Velvet,53.74,2026-08-23 06:27:38,https://books.toscrape.com/catalogue/tipping-the-velvet_999/index.html
Book1,A Light in the Attic,51.77,2026-08-23 12:23:59,https://books.toscrape.com/catalogue/a-light-in-the-attic_1000/index.html
Book2,Tipping the Velvet,53.74,2026-08-23 12:23:59,https://books.toscrape.com/catalogue/tipping-the-velvet_999/index.html
Book1,A Light in the Attic,51.77,2026-08-23 18:17:31,https://books.toscrape.com/catalogue/a-light-in-the-attic_1000/index.html
Book2,Tipping the Velvet,53.74,2026-08-23 18:17:32,https://books.toscrape.com/catalogue/tipping-the-velvet_999/index.html
Book1,A Light in the Attic,51.77,2026-08-24 00:51:00,https://books.toscrape.com/catalogue/a-light-in-the-attic_1000/index.html
Book2,Tipping the Velvet,53.74,2026-08-24 00:51:01,https://books.toscrape.com/catalogue/tipping-the-velvet_999/index.html
Book1,A Light in the Attic,51.77,2026-08-24 06:40:29,https://books.toscrape.com/catalogue/a-light-in-the-attic_1000/index.html
Book2,Tipping the Velvet,53.74,2026-08-24 06:40:29,https://books.toscrape.com/catalogue/tipping-the-velvet_999/index.html
Book1,A Light in the Attic,51.77,2026-08-24 12:32:28,https://books.toscrape.com/catalogue/a-light-in-the-attic_1000/index.html
Book2,Tipping the Velvet,53.74,2026-08-24 12:32:28,https://books.toscrape.com/catalogue/tipping-the-velvet_999/index.html
Book1,A Light in the Attic,51.77,2026-08-24 18:28:40,https://books.toscrape.com/catalogue/a-light-in-the-attic_1000/index.html
Book2,Tipping the Velvet,53.74,2026-08-24 18:28:40,https://books.toscrape.com/catalogue/tipping-the-velvet_999/index.html
Book1,A Light in the Attic,51.77,2026-08-25 00:50:36,https://books.toscrape.com/catalogue/a-light-in-the-attic_1000/index.html
Book2,Tipping the Velvet,53.74,2026-08-25 00:50:36,https://books.toscrape.com/catalogue/tipping-the-velvet_999/index.html
Book1,A Light in the Attic,51.77,2026-08-25 06:33:10,https://books.toscrape.com/catalogue/a-light-in-the-attic_1000/index.html
Book2,Tipping the Velvet,53.74,2026-08-25 06:33:10,https://books.toscrape.com/catalogue/tipping-the-velvet_999/index.html
Book1,A Light in the Attic,51.77,2026-08-25 12:32:51,https://books.toscrape.com/catalogue/a-light-in-the-attic_1000/index.html
Book2,Tipping the Velvet,53.74,2026-08-25 12:32:51,https://books.toscrape.com/catalogue/tipping-the-velvet_999/index.html
Book1,A Light in the Attic,51.77,2026-08-25 18:27:52,https://books.toscrape.com/catalogue/a-light-in-the-attic_1000/index.html
Book2,Tipping the Velvet,53.74,2026-08-25 18:27:52,https://books.toscrape.com/catalogue/tipping-the-velvet_999/index.html
Book1,A Light in the Attic,51.77,2026-08-26 00:51:52,https://books.toscrape.com/catalogue/a-light-in-the-attic_1000/index.html
Book2,Tipping the Velvet,53.74,2026-08-26 00:51:53,https://books.toscrape.com/catalogue/tipping-the-velvet_999/index.html
Book1,A Light in the Attic,51.77,2026-08-26 06:35:01,https://books.toscrape.com/catalogue/a-light-in-the-attic_1000/index.html
Book2,Tipping the Velvet,53.74,2026-08-26 06:35:01,https://books.toscrape.com/catalogue/tipping-the-velvet_999/index.html
Book1,A Light in the Attic,51.77,2026-08-26 12:36:15,https://books.toscrape.com/catalogue/a-light-in-the-attic_1000/index.html
Book2,Tipping the Velvet,53.74,2026-08-26 12:36:15,https://books.toscrape.com/catalogue/tipping-the-velvet_999/index.html
Book1,A Light in the Attic,51.77,2026-08-26 19:39:36,https://books.toscrape.com/catalogue/a-light-in-the-attic_1000/index.html
Book2,Tipping the Velvet,53.74,2026-08-26 19:39:36,https://books.toscrape.com/catalogue/tipping-the-velvet_999/index.html
Book1,A Light in the Attic,51.77,2026-08-27 06:28:29,https://books.toscrape.com/catalogue/a-light-in-the-attic_1000/index.html
Book2,Tipping the Velvet,53.74,2026-08-27 06:28:29,https://books.toscrape.com/catalogue/tipping-the-velvet_999/index.html
Book1,A Light in the Attic,51.77,2026-08-27 21:31:39,https://books.toscrape.com/catalogue/a-light-in-the-attic_1000/index.html
Book2,Tipping the Velvet,53.74,2026-08-27 21:31:39,https://books.toscrape.com/catalogue/tipping-the-velvet_999/index.html
Book1,A Light in the Attic,51.77,2026-08-28 08:19:16,https://books.toscrape.com/catalogue/a-light-in-the-attic_1000/index.html
Book2,Tipping the Velvet,53.74,2026-08-28 08:19:16,https://books.toscrape.com/catalogue/tipping-the-velvet_999/index.html
Book1,A Light in the Attic,51.77,2026-08-28 21:37:27,https://books.toscrape.com/catalogue/a-light-in-the-attic_1000/index.html
Book2,Tipping the Velvet,53.74,2026-08-28 21:37:27,https://books.toscrape.com/catalogue/tipping-the-velvet_999/index.html
Book1,A Light in the Attic,51.77,2026-08-29 05:00:59,https://books.toscrape.com/catalogue/a-light-in-the-attic_1000/index.html
Book2,Tipping the Velvet,53.74,2026-08-29 05:00:59,https://books.toscrape.com/catalogue/tipping-the-velvet_999/index.html
Book1,A Light in the Attic,51.77,2026-08-29 12:03:25,https://books.toscrape.com/catalogue/a-light-in-the-attic_1000/index.html
Book2,Tipping the Velvet,53.74,2026-08-29 12:03:26,https://books.toscrape.com/catalogue/tipping-the-velvet_999/index.html
Book1,A Light in the Attic,51.77,2026-08-29 20:14:44,https://books.toscrape.com/catalogue/a-light-in-the-attic_1000/index.html
Book2,Tipping the Velvet,53.74,2026-08-29 20:14:44,https://books.toscrape.com/catalogue/tipping-the-velvet_999/index.html
Book1,A Light in the Attic,51.77,2026-08-30 02:50:22,https://books.toscrape.com/catalogue/a-light-in-the-attic_1000/index.html
Book2,Tipping the Velvet,53.74,2026-08-30 02:50:22,https://books.toscrape.com/catalogue/tipping-the-velvet_999/index.html
Book1,A Light in the Attic,51.77,2026-08-30 10:59:38,https://books.toscrape.com/catalogue/a-light-in-the-attic_1000/index.html
Book2,Tipping the Velvet,53.74,2026-08-30 10:59:38,https://books.toscrape.com/catalogue/tipping-the-velvet_999/index.html
